# vsim -c -coverage -l ./report/logs/run.log -sv_seed 3996446 "+UVM_TESTNAME=ahb_idle_test" "+UVM_VERBOSITY=UVM_HIGH" "+DUMP_VCD" -do "coverage save -onexit ./report/coverage/ahb_idle_test_seed_3996446.ucdb; run -all; quit -f" opt_tb_top 
# Start time: 11:25:45 on Aug 05,2026
# //  Questa Sim-64
# //  Version 10.6b linux_x86_64 May 25 2017
# //
# //  Copyright 1991-2017 Mentor Graphics Corporation
# //  All Rights Reserved.
# //
# //  QuestaSim and its associated documentation contain trade
# //  secrets and commercial or financial information that are the property of
# //  Mentor Graphics Corporation and are privileged, confidential,
# //  and exempt from disclosure under the Freedom of Information Act,
# //  5 U.S.C. Section 552. Furthermore, this information
# //  is prohibited from disclosure under the Trade Secrets Act,
# //  18 U.S.C. Section 1905.
# //
# Loading sv_std.std
# Loading work.ahb_if(fast)
# Loading mtiUvm.uvm_pkg
# Loading work.ahb_pkg(fast)
# Loading work.ahb_seq_pkg(fast)
# Loading work.ahb_test_pkg(fast)
# Loading work.tb_top(fast)
# Loading work.ahb_if(fast)
# Loading work.ahb_sva(fast)
# Loading mtiUvm.questa_uvm_pkg(fast)
# Loading /cadtools/mentor/Questa_10.6b/questasim/uvm-1.1d/linux_x86_64/uvm_dpi.so
# coverage save -onexit ./report/coverage/ahb_idle_test_seed_3996446.ucdb
#  run -all
# ----------------------------------------------------------------
# UVM-1.1d
# (C) 2007-2013 Mentor Graphics Corporation
# (C) 2007-2013 Cadence Design Systems, Inc.
# (C) 2006-2013 Synopsys, Inc.
# (C) 2011-2013 Cypress Semiconductor Corp.
# ----------------------------------------------------------------
# 
#   ***********       IMPORTANT RELEASE NOTES         ************
# 
#   You are using a version of the UVM library that has been compiled
#   with `UVM_NO_DEPRECATED undefined.
#   See http://www.eda.org/svdb/view.php?id=3313 for more details.
# 
#   You are using a version of the UVM library that has been compiled
#   with `UVM_OBJECT_MUST_HAVE_CONSTRUCTOR undefined.
#   See http://www.eda.org/svdb/view.php?id=3770 for more details.
# 
#       (Specify +UVM_NO_RELNOTES to turn off this notice)
# 
# UVM_INFO verilog_src/questa_uvm_pkg-1.2/src/questa_uvm_pkg.sv(215) @ 0: reporter [Questa UVM] QUESTA_UVM-1.2.3
# UVM_INFO verilog_src/questa_uvm_pkg-1.2/src/questa_uvm_pkg.sv(217) @ 0: reporter [Questa UVM]  questa_uvm::init(+struct)
# UVM_INFO ../src/tb_top.sv(126) @ 0: reporter [TB_TOP] Virtual interface set in config_db
# UVM_INFO @ 0: reporter [RNTST] Running test ahb_idle_test...
# UVM_INFO ../src/tb_top.sv(140) @ 0: reporter [TB_TOP] Waveform VCD dumping enabled (ahb_lite_vip.vcd)
# UVM_INFO ../src/env/ahb_vip_env.sv(64) @ 0: uvm_test_top.env [ahb_vip_env] slave_vif not set - reusing master_vif (passthrough mode)
# UVM_INFO ../src/env/ahb_vip_env.sv(72) @ 0: uvm_test_top.env [ahb_vip_env] Scoreboard created
# UVM_INFO ../src/env/ahb_vip_env.sv(78) @ 0: uvm_test_top.env [ahb_vip_env] Coverage collectors created
# UVM_INFO ../src/mst/ahb_master_agent.sv(61) @ 0: uvm_test_top.env.master_agent [ahb_master_agent] ACTIVE mode - driver + sequencer created
# UVM_INFO ../src/slv/ahb_slave_agent.sv(64) @ 0: uvm_test_top.env.slave_agent [ahb_slave_agent] ACTIVE mode - driver + sequencer created (    auto responses)
# UVM_INFO ../src/env/ahb_vip_env.sv(92) @ 0: uvm_test_top.env [ahb_vip_env] Scoreboard connected: master_mon.ap -> scb, slave_mon.ap -> scb
# UVM_INFO ../src/env/ahb_vip_env.sv(99) @ 0: uvm_test_top.env [ahb_vip_env] Coverage connected: master_mon.ap -> master_cov, slave_mon.ap -> slave_cov
# UVM_INFO @ 0: reporter [UVMTOP] UVM testbench topology:
# ---------------------------------------------------------------
# Name                       Type                     Size  Value
# ---------------------------------------------------------------
# uvm_test_top               ahb_idle_test            -     @475 
#   env                      ahb_vip_env              -     @490 
#     master_agent           ahb_master_agent         -     @505 
#       drv                  ahb_master_driver        -     @570 
#         rsp_port           uvm_analysis_port        -     @585 
#         seq_item_port      uvm_seq_item_pull_port   -     @577 
#       mon                  ahb_master_monitor       -     @563 
#         ap                 uvm_analysis_port        -     @704 
#       sqr                  ahb_master_sequencer     -     @593 
#         rsp_export         uvm_analysis_export      -     @600 
#         seq_item_export    uvm_seq_item_pull_imp    -     @694 
#         arbitration_queue  array                    0     -    
#         lock_queue         array                    0     -    
#         num_last_reqs      integral                 32    'd1  
#         num_last_rsps      integral                 32    'd1  
#     master_cov             ahb_coverage             -     @526 
#       analysis_imp         uvm_analysis_imp         -     @533 
#     scb                    ahb_scoreboard           -     @519 
#       master_export        uvm_analysis_imp_master  -     @718 
#       slave_export         uvm_analysis_imp_slave   -     @726 
#     slave_agent            ahb_slave_agent          -     @512 
#       drv                  ahb_slave_driver         -     @748 
#         rsp_port           uvm_analysis_port        -     @763 
#         seq_item_port      uvm_seq_item_pull_port   -     @755 
#       mon                  ahb_slave_monitor        -     @741 
#         ap                 uvm_analysis_port        -     @882 
#       sqr                  ahb_slave_sequencer      -     @771 
#         rsp_export         uvm_analysis_export      -     @778 
#         seq_item_export    uvm_seq_item_pull_imp    -     @872 
#         arbitration_queue  array                    0     -    
#         lock_queue         array                    0     -    
#         num_last_reqs      integral                 32    'd1  
#         num_last_rsps      integral                 32    'd1  
#     slave_cov              ahb_coverage             -     @541 
#       analysis_imp         uvm_analysis_imp         -     @548 
# ---------------------------------------------------------------
# 
# UVM_INFO verilog_src/questa_uvm_pkg-1.2/src/questa_uvm_pkg.sv(277) @ 0: reporter [Questa UVM] End Of Elaboration
# UVM_INFO ../src/mst_seq/ahb_idle_seq.sv(134) @ 0: uvm_test_top.env.master_agent.sqr@@seq [ahb_idle_seq] Starting IDLE traffic: 24 pairs from 0x0000f000, IDLE runs up to 4 cycles (gap=8 busy=8 in-wait=8)
# UVM_INFO ../src/mst/ahb_master_driver.sv(183) @ 5000: uvm_test_top.env.master_agent.drv [ahb_master_driver] Flushed pending transactions (reset)
# UVM_INFO ../src/tb_top.sv(48) @ 95000: reporter [TB_TOP] Reset de-asserted
# UVM_INFO ../src/slv/ahb_slave_driver.sv(63) @ 95000: uvm_test_top.env.slave_agent.drv [ahb_slave_driver] Reset deasserted - slave driver active (    auto mode)
# UVM_INFO ../src/mst/ahb_master_driver.sv(72) @ 95000: uvm_test_top.env.master_agent.drv [ahb_master_driver] Reset deasserted - master driver active
# UVM_INFO ../src/mst/ahb_master_monitor.sv(75) @ 95000: uvm_test_top.env.master_agent.mon [ahb_master_monitor] Reset deasserted - master monitor active
# UVM_INFO ../src/slv/ahb_slave_monitor.sv(69) @ 95000: uvm_test_top.env.slave_agent.mon [ahb_slave_monitor] Reset deasserted - slave monitor active
# UVM_INFO ../src/mst/ahb_master_driver.sv(85) @ 95000: uvm_test_top.env.master_agent.drv [ahb_master_driver] Queueing [AHB_WRITE]: HADDR=0x0000f015, HBURST=AHB_BURST_INCR4, HSIZE=AHB_SIZE_8B, 4 beats
# UVM_INFO ../src/mst/ahb_master_driver.sv(127) @ 95000: uvm_test_top.env.master_agent.drv [ahb_master_driver] Driving [AHB_WRITE]: HADDR=0x0000f015, HBURST=AHB_BURST_INCR4, HSIZE=AHB_SIZE_8B, 4 beats               
# UVM_INFO ../src/mst/ahb_master_driver.sv(332) @ 115000: uvm_test_top.env.master_agent.drv [ahb_master_driver] Beat[0/4] addr=0x0000f015 trans=AHB_TRANS_NONSEQ resp=AHB_RESP_OKAY wdata=0x787441c6
# UVM_INFO ../src/slv/ahb_slave_driver.sv(184) @ 115000: uvm_test_top.env.slave_agent.drv [ahb_slave_driver] Beat AHB_WRITE addr=0x0000f015 resp=AHB_RESP_OKAY waits=0 wdata=0x787441c6
# UVM_INFO ../src/mst/ahb_master_monitor.sv(117) @ 115000: uvm_test_top.env.master_agent.mon [ahb_master_monitor] Beat[0] addr=0x0000f015 wdata=0x787441c6 resp=AHB_RESP_OKAY
# UVM_INFO ../src/mst/ahb_master_driver.sv(332) @ 125000: uvm_test_top.env.master_agent.drv [ahb_master_driver] Beat[1/4] addr=0x0000f016 trans=AHB_TRANS_SEQ resp=AHB_RESP_OKAY wdata=0xeaedc3c6
# UVM_INFO ../src/slv/ahb_slave_driver.sv(184) @ 125000: uvm_test_top.env.slave_agent.drv [ahb_slave_driver] Beat AHB_WRITE addr=0x0000f016 resp=AHB_RESP_OKAY waits=0 wdata=0xeaedc3c6
# UVM_INFO ../src/mst/ahb_master_monitor.sv(117) @ 125000: uvm_test_top.env.master_agent.mon [ahb_master_monitor] Beat[1] addr=0x0000f016 wdata=0xeaedc3c6 resp=AHB_RESP_OKAY
# UVM_INFO ../src/mst/ahb_master_driver.sv(332) @ 135000: uvm_test_top.env.master_agent.drv [ahb_master_driver] Beat[2/4] addr=0x0000f017 trans=AHB_TRANS_SEQ resp=AHB_RESP_OKAY wdata=0x66d76e58
# UVM_INFO ../src/slv/ahb_slave_driver.sv(184) @ 135000: uvm_test_top.env.slave_agent.drv [ahb_slave_driver] Beat AHB_WRITE addr=0x0000f017 resp=AHB_RESP_OKAY waits=0 wdata=0x66d76e58
# UVM_INFO ../src/mst/ahb_master_monitor.sv(117) @ 135000: uvm_test_top.env.master_agent.mon [ahb_master_monitor] Beat[2] addr=0x0000f017 wdata=0x66d76e58 resp=AHB_RESP_OKAY
# UVM_INFO ../src/mst/ahb_master_driver.sv(332) @ 145000: uvm_test_top.env.master_agent.drv [ahb_master_driver] Beat[3/4] addr=0x0000f018 trans=AHB_TRANS_SEQ resp=AHB_RESP_OKAY wdata=0xdd382008
# UVM_INFO ../src/mst/ahb_master_driver.sv(376) @ 145000: uvm_test_top.env.master_agent.drv [ahb_master_driver] Transaction complete: AHB_WRITE 0x0000f015, 4 beats, burst=AHB_BURST_INCR4
# UVM_INFO ../src/slv/ahb_slave_driver.sv(184) @ 145000: uvm_test_top.env.slave_agent.drv [ahb_slave_driver] Beat AHB_WRITE addr=0x0000f018 resp=AHB_RESP_OKAY waits=0 wdata=0xdd382008
# UVM_INFO ../src/mst/ahb_master_monitor.sv(117) @ 145000: uvm_test_top.env.master_agent.mon [ahb_master_monitor] Beat[3] addr=0x0000f018 wdata=0xdd382008 resp=AHB_RESP_OKAY
# UVM_INFO ../src/mst/ahb_master_monitor.sv(220) @ 145000: uvm_test_top.env.master_agent.mon [ahb_master_monitor] Observed [AHB_WRITE]: HADDR=0x0000f015, HBURST=AHB_BURST_INCR4, HSIZE=AHB_SIZE_8B, 4 beats
# UVM_INFO ../src/env/ahb_coverage.sv(126) @ 145000: uvm_test_top.env.master_cov [ahb_coverage] Sampled [AHB_WRITE]: burst=AHB_BURST_INCR4 size=AHB_SIZE_8B beats=4 error=0
# UVM_INFO ../src/slv/ahb_slave_monitor.sv(197) @ 145000: uvm_test_top.env.slave_agent.mon [ahb_slave_monitor] Observed [AHB_WRITE]: HADDR=0x0000f015, HBURST=AHB_BURST_INCR4, HSIZE=AHB_SIZE_8B, 4 beats
# UVM_INFO ../src/env/ahb_scoreboard.sv(104) @ 145000: uvm_test_top.env.scb [ahb_scoreboard] MATCH #1: [AHB_WRITE] HADDR=0x0000f015 AHB_BURST_INCR4 4 beats
# UVM_INFO ../src/env/ahb_coverage.sv(126) @ 145000: uvm_test_top.env.slave_cov [ahb_coverage] Sampled [AHB_WRITE]: burst=AHB_BURST_INCR4 size=AHB_SIZE_8B beats=4 error=0
# UVM_INFO ../src/mst/ahb_master_driver.sv(85) @ 155000: uvm_test_top.env.master_agent.drv [ahb_master_driver] Queueing [AHB_READ]: HADDR=0x0000f015, HBURST=AHB_BURST_INCR4, HSIZE=AHB_SIZE_8B, 4 beats
# UVM_INFO ../src/mst/ahb_master_driver.sv(127) @ 155000: uvm_test_top.env.master_agent.drv [ahb_master_driver] Driving [AHB_READ]: HADDR=0x0000f015, HBURST=AHB_BURST_INCR4, HSIZE=AHB_SIZE_8B, 4 beats               
# UVM_INFO ../src/mst/ahb_master_driver.sv(332) @ 185000: uvm_test_top.env.master_agent.drv [ahb_master_driver] Beat[0/4] addr=0x0000f015 trans=AHB_TRANS_NONSEQ resp=AHB_RESP_OKAY rdata=0x787441c6
# UVM_INFO ../src/slv/ahb_slave_driver.sv(184) @ 185000: uvm_test_top.env.slave_agent.drv [ahb_slave_driver] Beat AHB_READ addr=0x0000f015 resp=AHB_RESP_OKAY waits=0 rdata=0x787441c6
# UVM_INFO ../src/mst/ahb_master_monitor.sv(117) @ 185000: uvm_test_top.env.master_agent.mon [ahb_master_monitor] Beat[0] addr=0x0000f015 rdata=0x787441c6 resp=AHB_RESP_OKAY
# UVM_INFO ../src/mst/ahb_master_driver.sv(332) @ 195000: uvm_test_top.env.master_agent.drv [ahb_master_driver] Beat[1/4] addr=0x0000f016 trans=AHB_TRANS_SEQ resp=AHB_RESP_OKAY rdata=0xeaedc3c6
# UVM_INFO ../src/slv/ahb_slave_driver.sv(184) @ 195000: uvm_test_top.env.slave_agent.drv [ahb_slave_driver] Beat AHB_READ addr=0x0000f016 resp=AHB_RESP_OKAY waits=0 rdata=0xeaedc3c6
# UVM_INFO ../src/mst/ahb_master_monitor.sv(117) @ 195000: uvm_test_top.env.master_agent.mon [ahb_master_monitor] Beat[1] addr=0x0000f016 rdata=0xeaedc3c6 resp=AHB_RESP_OKAY
# UVM_INFO ../src/mst/ahb_master_driver.sv(332) @ 205000: uvm_test_top.env.master_agent.drv [ahb_master_driver] Beat[2/4] addr=0x0000f017 trans=AHB_TRANS_SEQ resp=AHB_RESP_OKAY rdata=0x66d76e58
# UVM_INFO ../src/slv/ahb_slave_driver.sv(184) @ 205000: uvm_test_top.env.slave_agent.drv [ahb_slave_driver] Beat AHB_READ addr=0x0000f017 resp=AHB_RESP_OKAY waits=0 rdata=0x66d76e58
# UVM_INFO ../src/mst/ahb_master_monitor.sv(117) @ 205000: uvm_test_top.env.master_agent.mon [ahb_master_monitor] Beat[2] addr=0x0000f017 rdata=0x66d76e58 resp=AHB_RESP_OKAY
# UVM_INFO ../src/mst/ahb_master_driver.sv(332) @ 215000: uvm_test_top.env.master_agent.drv [ahb_master_driver] Beat[3/4] addr=0x0000f018 trans=AHB_TRANS_SEQ resp=AHB_RESP_OKAY rdata=0xdd382008
# UVM_INFO ../src/mst/ahb_master_driver.sv(376) @ 215000: uvm_test_top.env.master_agent.drv [ahb_master_driver] Transaction complete: AHB_READ 0x0000f015, 4 beats, burst=AHB_BURST_INCR4
# UVM_INFO ../src/slv/ahb_slave_driver.sv(184) @ 215000: uvm_test_top.env.slave_agent.drv [ahb_slave_driver] Beat AHB_READ addr=0x0000f018 resp=AHB_RESP_OKAY waits=0 rdata=0xdd382008
# UVM_INFO ../src/slv/ahb_slave_monitor.sv(197) @ 215000: uvm_test_top.env.slave_agent.mon [ahb_slave_monitor] Observed [AHB_READ]: HADDR=0x0000f015, HBURST=AHB_BURST_INCR4, HSIZE=AHB_SIZE_8B, 4 beats
# UVM_INFO ../src/env/ahb_coverage.sv(126) @ 215000: uvm_test_top.env.slave_cov [ahb_coverage] Sampled [AHB_READ]: burst=AHB_BURST_INCR4 size=AHB_SIZE_8B beats=4 error=0
# UVM_INFO ../src/mst/ahb_master_monitor.sv(117) @ 215000: uvm_test_top.env.master_agent.mon [ahb_master_monitor] Beat[3] addr=0x0000f018 rdata=0xdd382008 resp=AHB_RESP_OKAY
# UVM_INFO ../src/mst/ahb_master_monitor.sv(220) @ 215000: uvm_test_top.env.master_agent.mon [ahb_master_monitor] Observed [AHB_READ]: HADDR=0x0000f015, HBURST=AHB_BURST_INCR4, HSIZE=AHB_SIZE_8B, 4 beats
# UVM_INFO ../src/env/ahb_coverage.sv(126) @ 215000: uvm_test_top.env.master_cov [ahb_coverage] Sampled [AHB_READ]: burst=AHB_BURST_INCR4 size=AHB_SIZE_8B beats=4 error=0
# UVM_INFO ../src/env/ahb_scoreboard.sv(104) @ 215000: uvm_test_top.env.scb [ahb_scoreboard] MATCH #2: [AHB_READ] HADDR=0x0000f015 AHB_BURST_INCR4 4 beats
# UVM_INFO ../src/mst_seq/ahb_idle_seq.sv(210) @ 235000: uvm_test_top.env.master_agent.sqr@@seq [ahb_idle_seq] [gap] AHB_BURST_INCR4 AHB_SIZE_8B @0x0000f015, 4 beats
# UVM_INFO ../src/mst_seq/ahb_base_seq.sv(157) @ 235000: uvm_test_top.env.master_agent.sqr@@seq [ahb_idle_seq] AHB_BURST_INCR4 AHB_SIZE_8B beat 0 @0x0000f015 ok
# UVM_INFO ../src/mst_seq/ahb_base_seq.sv(157) @ 235000: uvm_test_top.env.master_agent.sqr@@seq [ahb_idle_seq] AHB_BURST_INCR4 AHB_SIZE_8B beat 1 @0x0000f016 ok
# UVM_INFO ../src/mst_seq/ahb_base_seq.sv(157) @ 235000: uvm_test_top.env.master_agent.sqr@@seq [ahb_idle_seq] AHB_BURST_INCR4 AHB_SIZE_8B beat 2 @0x0000f017 ok
# UVM_INFO ../src/mst_seq/ahb_base_seq.sv(157) @ 235000: uvm_test_top.env.master_agent.sqr@@seq [ahb_idle_seq] AHB_BURST_INCR4 AHB_SIZE_8B beat 3 @0x0000f018 ok
# UVM_INFO ../src/mst/ahb_master_driver.sv(85) @ 255000: uvm_test_top.env.master_agent.drv [ahb_master_driver] Queueing [AHB_WRITE]: HADDR=0x0000f050, HBURST=AHB_BURST_SINGLE, HSIZE=AHB_SIZE_32B, 1 beats
# UVM_INFO ../src/mst/ahb_master_driver.sv(127) @ 255000: uvm_test_top.env.master_agent.drv [ahb_master_driver] Driving [AHB_WRITE]: HADDR=0x0000f050, HBURST=AHB_BURST_SINGLE, HSIZE=AHB_SIZE_32B, 1 beats               
# UVM_INFO ../src/mst/ahb_master_driver.sv(332) @ 285000: uvm_test_top.env.master_agent.drv [ahb_master_driver] Beat[0/1] addr=0x0000f050 trans=AHB_TRANS_NONSEQ resp=AHB_RESP_OKAY wdata=0x05009f54
# UVM_INFO ../src/mst/ahb_master_driver.sv(376) @ 285000: uvm_test_top.env.master_agent.drv [ahb_master_driver] Transaction complete: AHB_WRITE 0x0000f050, 1 beats, burst=AHB_BURST_SINGLE
# UVM_INFO ../src/slv/ahb_slave_driver.sv(184) @ 285000: uvm_test_top.env.slave_agent.drv [ahb_slave_driver] Beat AHB_WRITE addr=0x0000f050 resp=AHB_RESP_OKAY waits=0 wdata=0x05009f54
# UVM_INFO ../src/mst/ahb_master_monitor.sv(117) @ 285000: uvm_test_top.env.master_agent.mon [ahb_master_monitor] Beat[0] addr=0x0000f050 wdata=0x05009f54 resp=AHB_RESP_OKAY
# UVM_INFO ../src/mst/ahb_master_monitor.sv(220) @ 285000: uvm_test_top.env.master_agent.mon [ahb_master_monitor] Observed [AHB_WRITE]: HADDR=0x0000f050, HBURST=AHB_BURST_SINGLE, HSIZE=AHB_SIZE_32B, 1 beats
# UVM_INFO ../src/env/ahb_coverage.sv(126) @ 285000: uvm_test_top.env.master_cov [ahb_coverage] Sampled [AHB_WRITE]: burst=AHB_BURST_SINGLE size=AHB_SIZE_32B beats=1 error=0
# UVM_INFO ../src/slv/ahb_slave_monitor.sv(197) @ 285000: uvm_test_top.env.slave_agent.mon [ahb_slave_monitor] Observed [AHB_WRITE]: HADDR=0x0000f050, HBURST=AHB_BURST_SINGLE, HSIZE=AHB_SIZE_32B, 1 beats
# UVM_INFO ../src/env/ahb_scoreboard.sv(104) @ 285000: uvm_test_top.env.scb [ahb_scoreboard] MATCH #3: [AHB_WRITE] HADDR=0x0000f050 AHB_BURST_SINGLE 1 beats
# UVM_INFO ../src/env/ahb_coverage.sv(126) @ 285000: uvm_test_top.env.slave_cov [ahb_coverage] Sampled [AHB_WRITE]: burst=AHB_BURST_SINGLE size=AHB_SIZE_32B beats=1 error=0
# UVM_INFO ../src/mst/ahb_master_driver.sv(85) @ 325000: uvm_test_top.env.master_agent.drv [ahb_master_driver] Queueing [AHB_READ]: HADDR=0x0000f050, HBURST=AHB_BURST_SINGLE, HSIZE=AHB_SIZE_32B, 1 beats
# UVM_INFO ../src/mst/ahb_master_driver.sv(127) @ 325000: uvm_test_top.env.master_agent.drv [ahb_master_driver] Driving [AHB_READ]: HADDR=0x0000f050, HBURST=AHB_BURST_SINGLE, HSIZE=AHB_SIZE_32B, 1 beats               
# UVM_INFO ../src/mst/ahb_master_driver.sv(332) @ 355000: uvm_test_top.env.master_agent.drv [ahb_master_driver] Beat[0/1] addr=0x0000f050 trans=AHB_TRANS_NONSEQ resp=AHB_RESP_OKAY rdata=0x05009f54
# UVM_INFO ../src/mst/ahb_master_driver.sv(376) @ 355000: uvm_test_top.env.master_agent.drv [ahb_master_driver] Transaction complete: AHB_READ 0x0000f050, 1 beats, burst=AHB_BURST_SINGLE
# UVM_INFO ../src/slv/ahb_slave_driver.sv(184) @ 355000: uvm_test_top.env.slave_agent.drv [ahb_slave_driver] Beat AHB_READ addr=0x0000f050 resp=AHB_RESP_OKAY waits=0 rdata=0x05009f54
# UVM_INFO ../src/slv/ahb_slave_monitor.sv(197) @ 355000: uvm_test_top.env.slave_agent.mon [ahb_slave_monitor] Observed [AHB_READ]: HADDR=0x0000f050, HBURST=AHB_BURST_SINGLE, HSIZE=AHB_SIZE_32B, 1 beats
# UVM_INFO ../src/env/ahb_coverage.sv(126) @ 355000: uvm_test_top.env.slave_cov [ahb_coverage] Sampled [AHB_READ]: burst=AHB_BURST_SINGLE size=AHB_SIZE_32B beats=1 error=0
# UVM_INFO ../src/mst/ahb_master_monitor.sv(117) @ 355000: uvm_test_top.env.master_agent.mon [ahb_master_monitor] Beat[0] addr=0x0000f050 rdata=0x05009f54 resp=AHB_RESP_OKAY
# UVM_INFO ../src/mst/ahb_master_monitor.sv(220) @ 355000: uvm_test_top.env.master_agent.mon [ahb_master_monitor] Observed [AHB_READ]: HADDR=0x0000f050, HBURST=AHB_BURST_SINGLE, HSIZE=AHB_SIZE_32B, 1 beats
# UVM_INFO ../src/env/ahb_coverage.sv(126) @ 355000: uvm_test_top.env.master_cov [ahb_coverage] Sampled [AHB_READ]: burst=AHB_BURST_SINGLE size=AHB_SIZE_32B beats=1 error=0
# UVM_INFO ../src/env/ahb_scoreboard.sv(104) @ 355000: uvm_test_top.env.scb [ahb_scoreboard] MATCH #4: [AHB_READ] HADDR=0x0000f050 AHB_BURST_SINGLE 1 beats
# UVM_INFO ../src/mst_seq/ahb_idle_seq.sv(210) @ 385000: uvm_test_top.env.master_agent.sqr@@seq [ahb_idle_seq] [gap] AHB_BURST_SINGLE AHB_SIZE_32B @0x0000f050, 1 beats
# UVM_INFO ../src/mst_seq/ahb_base_seq.sv(157) @ 385000: uvm_test_top.env.master_agent.sqr@@seq [ahb_idle_seq] AHB_BURST_SINGLE AHB_SIZE_32B beat 0 @0x0000f050 ok
# UVM_INFO ../src/mst/ahb_master_driver.sv(85) @ 405000: uvm_test_top.env.master_agent.drv [ahb_master_driver] Queueing [AHB_WRITE]: HADDR=0x0000f0a0, HBURST=AHB_BURST_INCR4, HSIZE=AHB_SIZE_32B, 4 beats
# UVM_INFO ../src/mst/ahb_master_driver.sv(127) @ 405000: uvm_test_top.env.master_agent.drv [ahb_master_driver] Driving [AHB_WRITE]: HADDR=0x0000f0a0, HBURST=AHB_BURST_INCR4, HSIZE=AHB_SIZE_32B, 4 beats               
# UVM_INFO ../src/mst/ahb_master_driver.sv(332) @ 435000: uvm_test_top.env.master_agent.drv [ahb_master_driver] Beat[0/4] addr=0x0000f0a0 trans=AHB_TRANS_NONSEQ resp=AHB_RESP_OKAY wdata=0x1348eff1
# UVM_INFO ../src/slv/ahb_slave_driver.sv(184) @ 435000: uvm_test_top.env.slave_agent.drv [ahb_slave_driver] Beat AHB_WRITE addr=0x0000f0a0 resp=AHB_RESP_OKAY waits=0 wdata=0x1348eff1
# UVM_INFO ../src/mst/ahb_master_monitor.sv(117) @ 435000: uvm_test_top.env.master_agent.mon [ahb_master_monitor] Beat[0] addr=0x0000f0a0 wdata=0x1348eff1 resp=AHB_RESP_OKAY
# UVM_INFO ../src/mst/ahb_master_driver.sv(332) @ 445000: uvm_test_top.env.master_agent.drv [ahb_master_driver] Beat[1/4] addr=0x0000f0a4 trans=AHB_TRANS_SEQ resp=AHB_RESP_OKAY wdata=0xbe184bf2
# UVM_INFO ../src/slv/ahb_slave_driver.sv(184) @ 445000: uvm_test_top.env.slave_agent.drv [ahb_slave_driver] Beat AHB_WRITE addr=0x0000f0a4 resp=AHB_RESP_OKAY waits=0 wdata=0xbe184bf2
# UVM_INFO ../src/mst/ahb_master_monitor.sv(117) @ 445000: uvm_test_top.env.master_agent.mon [ahb_master_monitor] Beat[1] addr=0x0000f0a4 wdata=0xbe184bf2 resp=AHB_RESP_OKAY
# UVM_INFO ../src/mst/ahb_master_driver.sv(332) @ 455000: uvm_test_top.env.master_agent.drv [ahb_master_driver] Beat[2/4] addr=0x0000f0a8 trans=AHB_TRANS_SEQ resp=AHB_RESP_OKAY wdata=0xf4252111
# UVM_INFO ../src/slv/ahb_slave_driver.sv(184) @ 455000: uvm_test_top.env.slave_agent.drv [ahb_slave_driver] Beat AHB_WRITE addr=0x0000f0a8 resp=AHB_RESP_OKAY waits=0 wdata=0xf4252111
# UVM_INFO ../src/mst/ahb_master_monitor.sv(117) @ 455000: uvm_test_top.env.master_agent.mon [ahb_master_monitor] Beat[2] addr=0x0000f0a8 wdata=0xf4252111 resp=AHB_RESP_OKAY
# UVM_INFO ../src/mst/ahb_master_driver.sv(332) @ 465000: uvm_test_top.env.master_agent.drv [ahb_master_driver] Beat[3/4] addr=0x0000f0ac trans=AHB_TRANS_SEQ resp=AHB_RESP_OKAY wdata=0x7636cf44
# UVM_INFO ../src/mst/ahb_master_driver.sv(376) @ 465000: uvm_test_top.env.master_agent.drv [ahb_master_driver] Transaction complete: AHB_WRITE 0x0000f0a0, 4 beats, burst=AHB_BURST_INCR4
# UVM_INFO ../src/slv/ahb_slave_driver.sv(184) @ 465000: uvm_test_top.env.slave_agent.drv [ahb_slave_driver] Beat AHB_WRITE addr=0x0000f0ac resp=AHB_RESP_OKAY waits=0 wdata=0x7636cf44
# UVM_INFO ../src/mst/ahb_master_monitor.sv(117) @ 465000: uvm_test_top.env.master_agent.mon [ahb_master_monitor] Beat[3] addr=0x0000f0ac wdata=0x7636cf44 resp=AHB_RESP_OKAY
# UVM_INFO ../src/mst/ahb_master_monitor.sv(220) @ 465000: uvm_test_top.env.master_agent.mon [ahb_master_monitor] Observed [AHB_WRITE]: HADDR=0x0000f0a0, HBURST=AHB_BURST_INCR4, HSIZE=AHB_SIZE_32B, 4 beats
# UVM_INFO ../src/env/ahb_coverage.sv(126) @ 465000: uvm_test_top.env.master_cov [ahb_coverage] Sampled [AHB_WRITE]: burst=AHB_BURST_INCR4 size=AHB_SIZE_32B beats=4 error=0
# UVM_INFO ../src/slv/ahb_slave_monitor.sv(197) @ 465000: uvm_test_top.env.slave_agent.mon [ahb_slave_monitor] Observed [AHB_WRITE]: HADDR=0x0000f0a0, HBURST=AHB_BURST_INCR4, HSIZE=AHB_SIZE_32B, 4 beats
# UVM_INFO ../src/env/ahb_scoreboard.sv(104) @ 465000: uvm_test_top.env.scb [ahb_scoreboard] MATCH #5: [AHB_WRITE] HADDR=0x0000f0a0 AHB_BURST_INCR4 4 beats
# UVM_INFO ../src/env/ahb_coverage.sv(126) @ 465000: uvm_test_top.env.slave_cov [ahb_coverage] Sampled [AHB_WRITE]: burst=AHB_BURST_INCR4 size=AHB_SIZE_32B beats=4 error=0
# UVM_INFO ../src/mst/ahb_master_driver.sv(85) @ 505000: uvm_test_top.env.master_agent.drv [ahb_master_driver] Queueing [AHB_READ]: HADDR=0x0000f0a0, HBURST=AHB_BURST_INCR4, HSIZE=AHB_SIZE_32B, 4 beats
# UVM_INFO ../src/mst/ahb_master_driver.sv(127) @ 505000: uvm_test_top.env.master_agent.drv [ahb_master_driver] Driving [AHB_READ]: HADDR=0x0000f0a0, HBURST=AHB_BURST_INCR4, HSIZE=AHB_SIZE_32B, 4 beats               
# UVM_INFO ../src/mst/ahb_master_driver.sv(332) @ 535000: uvm_test_top.env.master_agent.drv [ahb_master_driver] Beat[0/4] addr=0x0000f0a0 trans=AHB_TRANS_NONSEQ resp=AHB_RESP_OKAY rdata=0x1348eff1
# UVM_INFO ../src/slv/ahb_slave_driver.sv(184) @ 535000: uvm_test_top.env.slave_agent.drv [ahb_slave_driver] Beat AHB_READ addr=0x0000f0a0 resp=AHB_RESP_OKAY waits=0 rdata=0x1348eff1
# UVM_INFO ../src/mst/ahb_master_monitor.sv(117) @ 535000: uvm_test_top.env.master_agent.mon [ahb_master_monitor] Beat[0] addr=0x0000f0a0 rdata=0x1348eff1 resp=AHB_RESP_OKAY
# UVM_INFO ../src/mst/ahb_master_driver.sv(332) @ 545000: uvm_test_top.env.master_agent.drv [ahb_master_driver] Beat[1/4] addr=0x0000f0a4 trans=AHB_TRANS_SEQ resp=AHB_RESP_OKAY rdata=0xbe184bf2
# UVM_INFO ../src/slv/ahb_slave_driver.sv(184) @ 545000: uvm_test_top.env.slave_agent.drv [ahb_slave_driver] Beat AHB_READ addr=0x0000f0a4 resp=AHB_RESP_OKAY waits=0 rdata=0xbe184bf2
# UVM_INFO ../src/mst/ahb_master_monitor.sv(117) @ 545000: uvm_test_top.env.master_agent.mon [ahb_master_monitor] Beat[1] addr=0x0000f0a4 rdata=0xbe184bf2 resp=AHB_RESP_OKAY
# UVM_INFO ../src/mst/ahb_master_driver.sv(332) @ 555000: uvm_test_top.env.master_agent.drv [ahb_master_driver] Beat[2/4] addr=0x0000f0a8 trans=AHB_TRANS_SEQ resp=AHB_RESP_OKAY rdata=0xf4252111
# UVM_INFO ../src/slv/ahb_slave_driver.sv(184) @ 555000: uvm_test_top.env.slave_agent.drv [ahb_slave_driver] Beat AHB_READ addr=0x0000f0a8 resp=AHB_RESP_OKAY waits=0 rdata=0xf4252111
# UVM_INFO ../src/mst/ahb_master_monitor.sv(117) @ 555000: uvm_test_top.env.master_agent.mon [ahb_master_monitor] Beat[2] addr=0x0000f0a8 rdata=0xf4252111 resp=AHB_RESP_OKAY
# UVM_INFO ../src/mst/ahb_master_driver.sv(332) @ 565000: uvm_test_top.env.master_agent.drv [ahb_master_driver] Beat[3/4] addr=0x0000f0ac trans=AHB_TRANS_SEQ resp=AHB_RESP_OKAY rdata=0x7636cf44
# UVM_INFO ../src/mst/ahb_master_driver.sv(376) @ 565000: uvm_test_top.env.master_agent.drv [ahb_master_driver] Transaction complete: AHB_READ 0x0000f0a0, 4 beats, burst=AHB_BURST_INCR4
# UVM_INFO ../src/slv/ahb_slave_driver.sv(184) @ 565000: uvm_test_top.env.slave_agent.drv [ahb_slave_driver] Beat AHB_READ addr=0x0000f0ac resp=AHB_RESP_OKAY waits=0 rdata=0x7636cf44
# UVM_INFO ../src/mst/ahb_master_monitor.sv(117) @ 565000: uvm_test_top.env.master_agent.mon [ahb_master_monitor] Beat[3] addr=0x0000f0ac rdata=0x7636cf44 resp=AHB_RESP_OKAY
# UVM_INFO ../src/mst/ahb_master_monitor.sv(220) @ 565000: uvm_test_top.env.master_agent.mon [ahb_master_monitor] Observed [AHB_READ]: HADDR=0x0000f0a0, HBURST=AHB_BURST_INCR4, HSIZE=AHB_SIZE_32B, 4 beats
# UVM_INFO ../src/env/ahb_coverage.sv(126) @ 565000: uvm_test_top.env.master_cov [ahb_coverage] Sampled [AHB_READ]: burst=AHB_BURST_INCR4 size=AHB_SIZE_32B beats=4 error=0
# UVM_INFO ../src/slv/ahb_slave_monitor.sv(197) @ 565000: uvm_test_top.env.slave_agent.mon [ahb_slave_monitor] Observed [AHB_READ]: HADDR=0x0000f0a0, HBURST=AHB_BURST_INCR4, HSIZE=AHB_SIZE_32B, 4 beats
# UVM_INFO ../src/env/ahb_scoreboard.sv(104) @ 565000: uvm_test_top.env.scb [ahb_scoreboard] MATCH #6: [AHB_READ] HADDR=0x0000f0a0 AHB_BURST_INCR4 4 beats
# UVM_INFO ../src/env/ahb_coverage.sv(126) @ 565000: uvm_test_top.env.slave_cov [ahb_coverage] Sampled [AHB_READ]: burst=AHB_BURST_INCR4 size=AHB_SIZE_32B beats=4 error=0
# UVM_INFO ../src/mst_seq/ahb_idle_seq.sv(210) @ 605000: uvm_test_top.env.master_agent.sqr@@seq [ahb_idle_seq] [gap] AHB_BURST_INCR4 AHB_SIZE_32B @0x0000f0a0, 4 beats
# UVM_INFO ../src/mst_seq/ahb_base_seq.sv(157) @ 605000: uvm_test_top.env.master_agent.sqr@@seq [ahb_idle_seq] AHB_BURST_INCR4 AHB_SIZE_32B beat 0 @0x0000f0a0 ok
# UVM_INFO ../src/mst_seq/ahb_base_seq.sv(157) @ 605000: uvm_test_top.env.master_agent.sqr@@seq [ahb_idle_seq] AHB_BURST_INCR4 AHB_SIZE_32B beat 1 @0x0000f0a4 ok
# UVM_INFO ../src/mst_seq/ahb_base_seq.sv(157) @ 605000: uvm_test_top.env.master_agent.sqr@@seq [ahb_idle_seq] AHB_BURST_INCR4 AHB_SIZE_32B beat 2 @0x0000f0a8 ok
# UVM_INFO ../src/mst_seq/ahb_base_seq.sv(157) @ 605000: uvm_test_top.env.master_agent.sqr@@seq [ahb_idle_seq] AHB_BURST_INCR4 AHB_SIZE_32B beat 3 @0x0000f0ac ok
# UVM_INFO ../src/mst/ahb_master_driver.sv(85) @ 645000: uvm_test_top.env.master_agent.drv [ahb_master_driver] Queueing [AHB_WRITE]: HADDR=0x0000f0fc, HBURST=AHB_BURST_SINGLE, HSIZE=AHB_SIZE_32B, 1 beats
# UVM_INFO ../src/mst/ahb_master_driver.sv(127) @ 645000: uvm_test_top.env.master_agent.drv [ahb_master_driver] Driving [AHB_WRITE]: HADDR=0x0000f0fc, HBURST=AHB_BURST_SINGLE, HSIZE=AHB_SIZE_32B, 1 beats               
# UVM_INFO ../src/mst/ahb_master_driver.sv(332) @ 675000: uvm_test_top.env.master_agent.drv [ahb_master_driver] Beat[0/1] addr=0x0000f0fc trans=AHB_TRANS_NONSEQ resp=AHB_RESP_OKAY wdata=0x40cacfa7
# UVM_INFO ../src/mst/ahb_master_driver.sv(376) @ 675000: uvm_test_top.env.master_agent.drv [ahb_master_driver] Transaction complete: AHB_WRITE 0x0000f0fc, 1 beats, burst=AHB_BURST_SINGLE
# UVM_INFO ../src/slv/ahb_slave_driver.sv(184) @ 675000: uvm_test_top.env.slave_agent.drv [ahb_slave_driver] Beat AHB_WRITE addr=0x0000f0fc resp=AHB_RESP_OKAY waits=0 wdata=0x40cacfa7
# UVM_INFO ../src/slv/ahb_slave_monitor.sv(197) @ 675000: uvm_test_top.env.slave_agent.mon [ahb_slave_monitor] Observed [AHB_WRITE]: HADDR=0x0000f0fc, HBURST=AHB_BURST_SINGLE, HSIZE=AHB_SIZE_32B, 1 beats
# UVM_INFO ../src/env/ahb_coverage.sv(126) @ 675000: uvm_test_top.env.slave_cov [ahb_coverage] Sampled [AHB_WRITE]: burst=AHB_BURST_SINGLE size=AHB_SIZE_32B beats=1 error=0
# UVM_INFO ../src/mst/ahb_master_monitor.sv(117) @ 675000: uvm_test_top.env.master_agent.mon [ahb_master_monitor] Beat[0] addr=0x0000f0fc wdata=0x40cacfa7 resp=AHB_RESP_OKAY
# UVM_INFO ../src/mst/ahb_master_monitor.sv(220) @ 675000: uvm_test_top.env.master_agent.mon [ahb_master_monitor] Observed [AHB_WRITE]: HADDR=0x0000f0fc, HBURST=AHB_BURST_SINGLE, HSIZE=AHB_SIZE_32B, 1 beats
# UVM_INFO ../src/env/ahb_coverage.sv(126) @ 675000: uvm_test_top.env.master_cov [ahb_coverage] Sampled [AHB_WRITE]: burst=AHB_BURST_SINGLE size=AHB_SIZE_32B beats=1 error=0
# UVM_INFO ../src/env/ahb_scoreboard.sv(104) @ 675000: uvm_test_top.env.scb [ahb_scoreboard] MATCH #7: [AHB_WRITE] HADDR=0x0000f0fc AHB_BURST_SINGLE 1 beats
# UVM_INFO ../src/mst/ahb_master_driver.sv(85) @ 685000: uvm_test_top.env.master_agent.drv [ahb_master_driver] Queueing [AHB_READ]: HADDR=0x0000f0fc, HBURST=AHB_BURST_SINGLE, HSIZE=AHB_SIZE_32B, 1 beats
# UVM_INFO ../src/mst/ahb_master_driver.sv(127) @ 685000: uvm_test_top.env.master_agent.drv [ahb_master_driver] Driving [AHB_READ]: HADDR=0x0000f0fc, HBURST=AHB_BURST_SINGLE, HSIZE=AHB_SIZE_32B, 1 beats               
# UVM_INFO ../src/mst/ahb_master_driver.sv(332) @ 715000: uvm_test_top.env.master_agent.drv [ahb_master_driver] Beat[0/1] addr=0x0000f0fc trans=AHB_TRANS_NONSEQ resp=AHB_RESP_OKAY rdata=0x40cacfa7
# UVM_INFO ../src/mst/ahb_master_driver.sv(376) @ 715000: uvm_test_top.env.master_agent.drv [ahb_master_driver] Transaction complete: AHB_READ 0x0000f0fc, 1 beats, burst=AHB_BURST_SINGLE
# UVM_INFO ../src/slv/ahb_slave_driver.sv(184) @ 715000: uvm_test_top.env.slave_agent.drv [ahb_slave_driver] Beat AHB_READ addr=0x0000f0fc resp=AHB_RESP_OKAY waits=0 rdata=0x40cacfa7
# UVM_INFO ../src/slv/ahb_slave_monitor.sv(197) @ 715000: uvm_test_top.env.slave_agent.mon [ahb_slave_monitor] Observed [AHB_READ]: HADDR=0x0000f0fc, HBURST=AHB_BURST_SINGLE, HSIZE=AHB_SIZE_32B, 1 beats
# UVM_INFO ../src/env/ahb_coverage.sv(126) @ 715000: uvm_test_top.env.slave_cov [ahb_coverage] Sampled [AHB_READ]: burst=AHB_BURST_SINGLE size=AHB_SIZE_32B beats=1 error=0
# UVM_INFO ../src/mst/ahb_master_monitor.sv(117) @ 715000: uvm_test_top.env.master_agent.mon [ahb_master_monitor] Beat[0] addr=0x0000f0fc rdata=0x40cacfa7 resp=AHB_RESP_OKAY
# UVM_INFO ../src/mst/ahb_master_monitor.sv(220) @ 715000: uvm_test_top.env.master_agent.mon [ahb_master_monitor] Observed [AHB_READ]: HADDR=0x0000f0fc, HBURST=AHB_BURST_SINGLE, HSIZE=AHB_SIZE_32B, 1 beats
# UVM_INFO ../src/env/ahb_coverage.sv(126) @ 715000: uvm_test_top.env.master_cov [ahb_coverage] Sampled [AHB_READ]: burst=AHB_BURST_SINGLE size=AHB_SIZE_32B beats=1 error=0
# UVM_INFO ../src/env/ahb_scoreboard.sv(104) @ 715000: uvm_test_top.env.scb [ahb_scoreboard] MATCH #8: [AHB_READ] HADDR=0x0000f0fc AHB_BURST_SINGLE 1 beats
# UVM_INFO ../src/mst_seq/ahb_idle_seq.sv(210) @ 745000: uvm_test_top.env.master_agent.sqr@@seq [ahb_idle_seq] [gap] AHB_BURST_SINGLE AHB_SIZE_32B @0x0000f0fc, 1 beats
# UVM_INFO ../src/mst_seq/ahb_base_seq.sv(157) @ 745000: uvm_test_top.env.master_agent.sqr@@seq [ahb_idle_seq] AHB_BURST_SINGLE AHB_SIZE_32B beat 0 @0x0000f0fc ok
# UVM_INFO ../src/mst/ahb_master_driver.sv(85) @ 775000: uvm_test_top.env.master_agent.drv [ahb_master_driver] Queueing [AHB_WRITE]: HADDR=0x0000f126, HBURST=AHB_BURST_INCR, HSIZE=AHB_SIZE_8B, 3 beats
# UVM_INFO ../src/mst/ahb_master_driver.sv(127) @ 775000: uvm_test_top.env.master_agent.drv [ahb_master_driver] Driving [AHB_WRITE]: HADDR=0x0000f126, HBURST=AHB_BURST_INCR, HSIZE=AHB_SIZE_8B, 3 beats               
# UVM_INFO ../src/mst/ahb_master_driver.sv(332) @ 805000: uvm_test_top.env.master_agent.drv [ahb_master_driver] Beat[0/3] addr=0x0000f126 trans=AHB_TRANS_NONSEQ resp=AHB_RESP_OKAY wdata=0xc40822fd
# UVM_INFO ../src/slv/ahb_slave_driver.sv(184) @ 805000: uvm_test_top.env.slave_agent.drv [ahb_slave_driver] Beat AHB_WRITE addr=0x0000f126 resp=AHB_RESP_OKAY waits=0 wdata=0xc40822fd
# UVM_INFO ../src/mst/ahb_master_monitor.sv(117) @ 805000: uvm_test_top.env.master_agent.mon [ahb_master_monitor] Beat[0] addr=0x0000f126 wdata=0xc40822fd resp=AHB_RESP_OKAY
# UVM_INFO ../src/mst/ahb_master_driver.sv(332) @ 815000: uvm_test_top.env.master_agent.drv [ahb_master_driver] Beat[1/3] addr=0x0000f127 trans=AHB_TRANS_SEQ resp=AHB_RESP_OKAY wdata=0x062d2647
# UVM_INFO ../src/slv/ahb_slave_driver.sv(184) @ 815000: uvm_test_top.env.slave_agent.drv [ahb_slave_driver] Beat AHB_WRITE addr=0x0000f127 resp=AHB_RESP_OKAY waits=0 wdata=0x062d2647
# UVM_INFO ../src/mst/ahb_master_monitor.sv(117) @ 815000: uvm_test_top.env.master_agent.mon [ahb_master_monitor] Beat[1] addr=0x0000f127 wdata=0x062d2647 resp=AHB_RESP_OKAY
# UVM_INFO ../src/mst/ahb_master_driver.sv(332) @ 825000: uvm_test_top.env.master_agent.drv [ahb_master_driver] Beat[2/3] addr=0x0000f128 trans=AHB_TRANS_SEQ resp=AHB_RESP_OKAY wdata=0x81c35724
# UVM_INFO ../src/mst/ahb_master_driver.sv(376) @ 825000: uvm_test_top.env.master_agent.drv [ahb_master_driver] Transaction complete: AHB_WRITE 0x0000f126, 3 beats, burst=AHB_BURST_INCR
# UVM_INFO ../src/slv/ahb_slave_driver.sv(184) @ 825000: uvm_test_top.env.slave_agent.drv [ahb_slave_driver] Beat AHB_WRITE addr=0x0000f128 resp=AHB_RESP_OKAY waits=0 wdata=0x81c35724
# UVM_INFO ../src/mst/ahb_master_monitor.sv(117) @ 825000: uvm_test_top.env.master_agent.mon [ahb_master_monitor] Beat[2] addr=0x0000f128 wdata=0x81c35724 resp=AHB_RESP_OKAY
# UVM_INFO ../src/mst/ahb_master_monitor.sv(220) @ 825000: uvm_test_top.env.master_agent.mon [ahb_master_monitor] Observed [AHB_WRITE]: HADDR=0x0000f126, HBURST=AHB_BURST_INCR, HSIZE=AHB_SIZE_8B, 3 beats
# UVM_INFO ../src/env/ahb_coverage.sv(126) @ 825000: uvm_test_top.env.master_cov [ahb_coverage] Sampled [AHB_WRITE]: burst=AHB_BURST_INCR size=AHB_SIZE_8B beats=3 error=0
# UVM_INFO ../src/slv/ahb_slave_monitor.sv(197) @ 825000: uvm_test_top.env.slave_agent.mon [ahb_slave_monitor] Observed [AHB_WRITE]: HADDR=0x0000f126, HBURST=AHB_BURST_INCR, HSIZE=AHB_SIZE_8B, 3 beats
# UVM_INFO ../src/env/ahb_scoreboard.sv(104) @ 825000: uvm_test_top.env.scb [ahb_scoreboard] MATCH #9: [AHB_WRITE] HADDR=0x0000f126 AHB_BURST_INCR 3 beats
# UVM_INFO ../src/env/ahb_coverage.sv(126) @ 825000: uvm_test_top.env.slave_cov [ahb_coverage] Sampled [AHB_WRITE]: burst=AHB_BURST_INCR size=AHB_SIZE_8B beats=3 error=0
# UVM_INFO ../src/mst/ahb_master_driver.sv(85) @ 855000: uvm_test_top.env.master_agent.drv [ahb_master_driver] Queueing [AHB_READ]: HADDR=0x0000f126, HBURST=AHB_BURST_INCR, HSIZE=AHB_SIZE_8B, 3 beats
# UVM_INFO ../src/mst/ahb_master_driver.sv(127) @ 855000: uvm_test_top.env.master_agent.drv [ahb_master_driver] Driving [AHB_READ]: HADDR=0x0000f126, HBURST=AHB_BURST_INCR, HSIZE=AHB_SIZE_8B, 3 beats               
# UVM_INFO ../src/mst/ahb_master_driver.sv(332) @ 885000: uvm_test_top.env.master_agent.drv [ahb_master_driver] Beat[0/3] addr=0x0000f126 trans=AHB_TRANS_NONSEQ resp=AHB_RESP_OKAY rdata=0xc40822fd
# UVM_INFO ../src/slv/ahb_slave_driver.sv(184) @ 885000: uvm_test_top.env.slave_agent.drv [ahb_slave_driver] Beat AHB_READ addr=0x0000f126 resp=AHB_RESP_OKAY waits=0 rdata=0xc40822fd
# UVM_INFO ../src/mst/ahb_master_monitor.sv(117) @ 885000: uvm_test_top.env.master_agent.mon [ahb_master_monitor] Beat[0] addr=0x0000f126 rdata=0xc40822fd resp=AHB_RESP_OKAY
# UVM_INFO ../src/mst/ahb_master_driver.sv(332) @ 895000: uvm_test_top.env.master_agent.drv [ahb_master_driver] Beat[1/3] addr=0x0000f127 trans=AHB_TRANS_SEQ resp=AHB_RESP_OKAY rdata=0x062d2647
# UVM_INFO ../src/slv/ahb_slave_driver.sv(184) @ 895000: uvm_test_top.env.slave_agent.drv [ahb_slave_driver] Beat AHB_READ addr=0x0000f127 resp=AHB_RESP_OKAY waits=0 rdata=0x062d2647
# UVM_INFO ../src/mst/ahb_master_monitor.sv(117) @ 895000: uvm_test_top.env.master_agent.mon [ahb_master_monitor] Beat[1] addr=0x0000f127 rdata=0x062d2647 resp=AHB_RESP_OKAY
# UVM_INFO ../src/mst/ahb_master_driver.sv(332) @ 905000: uvm_test_top.env.master_agent.drv [ahb_master_driver] Beat[2/3] addr=0x0000f128 trans=AHB_TRANS_SEQ resp=AHB_RESP_OKAY rdata=0x81c35724
# UVM_INFO ../src/mst/ahb_master_driver.sv(376) @ 905000: uvm_test_top.env.master_agent.drv [ahb_master_driver] Transaction complete: AHB_READ 0x0000f126, 3 beats, burst=AHB_BURST_INCR
# UVM_INFO ../src/slv/ahb_slave_driver.sv(184) @ 905000: uvm_test_top.env.slave_agent.drv [ahb_slave_driver] Beat AHB_READ addr=0x0000f128 resp=AHB_RESP_OKAY waits=0 rdata=0x81c35724
# UVM_INFO ../src/mst/ahb_master_monitor.sv(117) @ 905000: uvm_test_top.env.master_agent.mon [ahb_master_monitor] Beat[2] addr=0x0000f128 rdata=0x81c35724 resp=AHB_RESP_OKAY
# UVM_INFO ../src/mst/ahb_master_monitor.sv(220) @ 905000: uvm_test_top.env.master_agent.mon [ahb_master_monitor] Observed [AHB_READ]: HADDR=0x0000f126, HBURST=AHB_BURST_INCR, HSIZE=AHB_SIZE_8B, 3 beats
# UVM_INFO ../src/env/ahb_coverage.sv(126) @ 905000: uvm_test_top.env.master_cov [ahb_coverage] Sampled [AHB_READ]: burst=AHB_BURST_INCR size=AHB_SIZE_8B beats=3 error=0
# UVM_INFO ../src/slv/ahb_slave_monitor.sv(197) @ 905000: uvm_test_top.env.slave_agent.mon [ahb_slave_monitor] Observed [AHB_READ]: HADDR=0x0000f126, HBURST=AHB_BURST_INCR, HSIZE=AHB_SIZE_8B, 3 beats
# UVM_INFO ../src/env/ahb_scoreboard.sv(104) @ 905000: uvm_test_top.env.scb [ahb_scoreboard] MATCH #10: [AHB_READ] HADDR=0x0000f126 AHB_BURST_INCR 3 beats
# UVM_INFO ../src/env/ahb_coverage.sv(126) @ 905000: uvm_test_top.env.slave_cov [ahb_coverage] Sampled [AHB_READ]: burst=AHB_BURST_INCR size=AHB_SIZE_8B beats=3 error=0
# UVM_INFO ../src/mst_seq/ahb_idle_seq.sv(210) @ 925000: uvm_test_top.env.master_agent.sqr@@seq [ahb_idle_seq] [gap] AHB_BURST_INCR AHB_SIZE_8B @0x0000f126, 3 beats
# UVM_INFO ../src/mst_seq/ahb_base_seq.sv(157) @ 925000: uvm_test_top.env.master_agent.sqr@@seq [ahb_idle_seq] AHB_BURST_INCR AHB_SIZE_8B beat 0 @0x0000f126 ok
# UVM_INFO ../src/mst_seq/ahb_base_seq.sv(157) @ 925000: uvm_test_top.env.master_agent.sqr@@seq [ahb_idle_seq] AHB_BURST_INCR AHB_SIZE_8B beat 1 @0x0000f127 ok
# UVM_INFO ../src/mst_seq/ahb_base_seq.sv(157) @ 925000: uvm_test_top.env.master_agent.sqr@@seq [ahb_idle_seq] AHB_BURST_INCR AHB_SIZE_8B beat 2 @0x0000f128 ok
# UVM_INFO ../src/mst/ahb_master_driver.sv(85) @ 965000: uvm_test_top.env.master_agent.drv [ahb_master_driver] Queueing [AHB_WRITE]: HADDR=0x0000f16c, HBURST=AHB_BURST_SINGLE, HSIZE=AHB_SIZE_32B, 1 beats
# UVM_INFO ../src/mst/ahb_master_driver.sv(127) @ 965000: uvm_test_top.env.master_agent.drv [ahb_master_driver] Driving [AHB_WRITE]: HADDR=0x0000f16c, HBURST=AHB_BURST_SINGLE, HSIZE=AHB_SIZE_32B, 1 beats               
# UVM_INFO ../src/mst/ahb_master_driver.sv(332) @ 995000: uvm_test_top.env.master_agent.drv [ahb_master_driver] Beat[0/1] addr=0x0000f16c trans=AHB_TRANS_NONSEQ resp=AHB_RESP_OKAY wdata=0x8eba70e3
# UVM_INFO ../src/mst/ahb_master_driver.sv(376) @ 995000: uvm_test_top.env.master_agent.drv [ahb_master_driver] Transaction complete: AHB_WRITE 0x0000f16c, 1 beats, burst=AHB_BURST_SINGLE
# UVM_INFO ../src/slv/ahb_slave_driver.sv(184) @ 995000: uvm_test_top.env.slave_agent.drv [ahb_slave_driver] Beat AHB_WRITE addr=0x0000f16c resp=AHB_RESP_OKAY waits=0 wdata=0x8eba70e3
# UVM_INFO ../src/slv/ahb_slave_monitor.sv(197) @ 995000: uvm_test_top.env.slave_agent.mon [ahb_slave_monitor] Observed [AHB_WRITE]: HADDR=0x0000f16c, HBURST=AHB_BURST_SINGLE, HSIZE=AHB_SIZE_32B, 1 beats
# UVM_INFO ../src/env/ahb_coverage.sv(126) @ 995000: uvm_test_top.env.slave_cov [ahb_coverage] Sampled [AHB_WRITE]: burst=AHB_BURST_SINGLE size=AHB_SIZE_32B beats=1 error=0
# UVM_INFO ../src/mst/ahb_master_monitor.sv(117) @ 995000: uvm_test_top.env.master_agent.mon [ahb_master_monitor] Beat[0] addr=0x0000f16c wdata=0x8eba70e3 resp=AHB_RESP_OKAY
# UVM_INFO ../src/mst/ahb_master_monitor.sv(220) @ 995000: uvm_test_top.env.master_agent.mon [ahb_master_monitor] Observed [AHB_WRITE]: HADDR=0x0000f16c, HBURST=AHB_BURST_SINGLE, HSIZE=AHB_SIZE_32B, 1 beats
# UVM_INFO ../src/env/ahb_coverage.sv(126) @ 995000: uvm_test_top.env.master_cov [ahb_coverage] Sampled [AHB_WRITE]: burst=AHB_BURST_SINGLE size=AHB_SIZE_32B beats=1 error=0
# UVM_INFO ../src/env/ahb_scoreboard.sv(104) @ 995000: uvm_test_top.env.scb [ahb_scoreboard] MATCH #11: [AHB_WRITE] HADDR=0x0000f16c AHB_BURST_SINGLE 1 beats
# UVM_INFO ../src/mst/ahb_master_driver.sv(85) @ 1025000: uvm_test_top.env.master_agent.drv [ahb_master_driver] Queueing [AHB_READ]: HADDR=0x0000f16c, HBURST=AHB_BURST_SINGLE, HSIZE=AHB_SIZE_32B, 1 beats
# UVM_INFO ../src/mst/ahb_master_driver.sv(127) @ 1025000: uvm_test_top.env.master_agent.drv [ahb_master_driver] Driving [AHB_READ]: HADDR=0x0000f16c, HBURST=AHB_BURST_SINGLE, HSIZE=AHB_SIZE_32B, 1 beats               
# UVM_INFO ../src/mst/ahb_master_driver.sv(332) @ 1055000: uvm_test_top.env.master_agent.drv [ahb_master_driver] Beat[0/1] addr=0x0000f16c trans=AHB_TRANS_NONSEQ resp=AHB_RESP_OKAY rdata=0x8eba70e3
# UVM_INFO ../src/mst/ahb_master_driver.sv(376) @ 1055000: uvm_test_top.env.master_agent.drv [ahb_master_driver] Transaction complete: AHB_READ 0x0000f16c, 1 beats, burst=AHB_BURST_SINGLE
# UVM_INFO ../src/slv/ahb_slave_driver.sv(184) @ 1055000: uvm_test_top.env.slave_agent.drv [ahb_slave_driver] Beat AHB_READ addr=0x0000f16c resp=AHB_RESP_OKAY waits=0 rdata=0x8eba70e3
# UVM_INFO ../src/slv/ahb_slave_monitor.sv(197) @ 1055000: uvm_test_top.env.slave_agent.mon [ahb_slave_monitor] Observed [AHB_READ]: HADDR=0x0000f16c, HBURST=AHB_BURST_SINGLE, HSIZE=AHB_SIZE_32B, 1 beats
# UVM_INFO ../src/env/ahb_coverage.sv(126) @ 1055000: uvm_test_top.env.slave_cov [ahb_coverage] Sampled [AHB_READ]: burst=AHB_BURST_SINGLE size=AHB_SIZE_32B beats=1 error=0
# UVM_INFO ../src/mst/ahb_master_monitor.sv(117) @ 1055000: uvm_test_top.env.master_agent.mon [ahb_master_monitor] Beat[0] addr=0x0000f16c rdata=0x8eba70e3 resp=AHB_RESP_OKAY
# UVM_INFO ../src/mst/ahb_master_monitor.sv(220) @ 1055000: uvm_test_top.env.master_agent.mon [ahb_master_monitor] Observed [AHB_READ]: HADDR=0x0000f16c, HBURST=AHB_BURST_SINGLE, HSIZE=AHB_SIZE_32B, 1 beats
# UVM_INFO ../src/env/ahb_coverage.sv(126) @ 1055000: uvm_test_top.env.master_cov [ahb_coverage] Sampled [AHB_READ]: burst=AHB_BURST_SINGLE size=AHB_SIZE_32B beats=1 error=0
# UVM_INFO ../src/env/ahb_scoreboard.sv(104) @ 1055000: uvm_test_top.env.scb [ahb_scoreboard] MATCH #12: [AHB_READ] HADDR=0x0000f16c AHB_BURST_SINGLE 1 beats
# UVM_INFO ../src/mst_seq/ahb_idle_seq.sv(210) @ 1065000: uvm_test_top.env.master_agent.sqr@@seq [ahb_idle_seq] [gap] AHB_BURST_SINGLE AHB_SIZE_32B @0x0000f16c, 1 beats
# UVM_INFO ../src/mst_seq/ahb_base_seq.sv(157) @ 1065000: uvm_test_top.env.master_agent.sqr@@seq [ahb_idle_seq] AHB_BURST_SINGLE AHB_SIZE_32B beat 0 @0x0000f16c ok
# UVM_INFO ../src/mst/ahb_master_driver.sv(85) @ 1085000: uvm_test_top.env.master_agent.drv [ahb_master_driver] Queueing [AHB_WRITE]: HADDR=0x0000f19f, HBURST=AHB_BURST_INCR, HSIZE=AHB_SIZE_8B, 8 beats
# UVM_INFO ../src/mst/ahb_master_driver.sv(127) @ 1085000: uvm_test_top.env.master_agent.drv [ahb_master_driver] Driving [AHB_WRITE]: HADDR=0x0000f19f, HBURST=AHB_BURST_INCR, HSIZE=AHB_SIZE_8B, 8 beats               
# UVM_INFO ../src/mst/ahb_master_driver.sv(332) @ 1115000: uvm_test_top.env.master_agent.drv [ahb_master_driver] Beat[0/8] addr=0x0000f19f trans=AHB_TRANS_NONSEQ resp=AHB_RESP_OKAY wdata=0x6deb21af
# UVM_INFO ../src/slv/ahb_slave_driver.sv(184) @ 1115000: uvm_test_top.env.slave_agent.drv [ahb_slave_driver] Beat AHB_WRITE addr=0x0000f19f resp=AHB_RESP_OKAY waits=0 wdata=0x6deb21af
# UVM_INFO ../src/mst/ahb_master_monitor.sv(117) @ 1115000: uvm_test_top.env.master_agent.mon [ahb_master_monitor] Beat[0] addr=0x0000f19f wdata=0x6deb21af resp=AHB_RESP_OKAY
# UVM_INFO ../src/mst/ahb_master_driver.sv(332) @ 1125000: uvm_test_top.env.master_agent.drv [ahb_master_driver] Beat[1/8] addr=0x0000f1a0 trans=AHB_TRANS_SEQ resp=AHB_RESP_OKAY wdata=0xd67b2148
# UVM_INFO ../src/slv/ahb_slave_driver.sv(184) @ 1125000: uvm_test_top.env.slave_agent.drv [ahb_slave_driver] Beat AHB_WRITE addr=0x0000f1a0 resp=AHB_RESP_OKAY waits=0 wdata=0xd67b2148
# UVM_INFO ../src/mst/ahb_master_monitor.sv(117) @ 1125000: uvm_test_top.env.master_agent.mon [ahb_master_monitor] Beat[1] addr=0x0000f1a0 wdata=0xd67b2148 resp=AHB_RESP_OKAY
# UVM_INFO ../src/mst/ahb_master_driver.sv(332) @ 1135000: uvm_test_top.env.master_agent.drv [ahb_master_driver] Beat[2/8] addr=0x0000f1a1 trans=AHB_TRANS_SEQ resp=AHB_RESP_OKAY wdata=0x6613b80e
# UVM_INFO ../src/slv/ahb_slave_driver.sv(184) @ 1135000: uvm_test_top.env.slave_agent.drv [ahb_slave_driver] Beat AHB_WRITE addr=0x0000f1a1 resp=AHB_RESP_OKAY waits=0 wdata=0x6613b80e
# UVM_INFO ../src/mst/ahb_master_monitor.sv(117) @ 1135000: uvm_test_top.env.master_agent.mon [ahb_master_monitor] Beat[2] addr=0x0000f1a1 wdata=0x6613b80e resp=AHB_RESP_OKAY
# UVM_INFO ../src/mst/ahb_master_driver.sv(332) @ 1145000: uvm_test_top.env.master_agent.drv [ahb_master_driver] Beat[3/8] addr=0x0000f1a2 trans=AHB_TRANS_SEQ resp=AHB_RESP_OKAY wdata=0xc0762c06
# UVM_INFO ../src/slv/ahb_slave_driver.sv(184) @ 1145000: uvm_test_top.env.slave_agent.drv [ahb_slave_driver] Beat AHB_WRITE addr=0x0000f1a2 resp=AHB_RESP_OKAY waits=0 wdata=0xc0762c06
# UVM_INFO ../src/mst/ahb_master_monitor.sv(117) @ 1145000: uvm_test_top.env.master_agent.mon [ahb_master_monitor] Beat[3] addr=0x0000f1a2 wdata=0xc0762c06 resp=AHB_RESP_OKAY
# UVM_INFO ../src/mst/ahb_master_driver.sv(332) @ 1155000: uvm_test_top.env.master_agent.drv [ahb_master_driver] Beat[4/8] addr=0x0000f1a3 trans=AHB_TRANS_SEQ resp=AHB_RESP_OKAY wdata=0x109366b2
# UVM_INFO ../src/slv/ahb_slave_driver.sv(184) @ 1155000: uvm_test_top.env.slave_agent.drv [ahb_slave_driver] Beat AHB_WRITE addr=0x0000f1a3 resp=AHB_RESP_OKAY waits=0 wdata=0x109366b2
# UVM_INFO ../src/mst/ahb_master_monitor.sv(117) @ 1155000: uvm_test_top.env.master_agent.mon [ahb_master_monitor] Beat[4] addr=0x0000f1a3 wdata=0x109366b2 resp=AHB_RESP_OKAY
# UVM_INFO ../src/mst/ahb_master_driver.sv(332) @ 1165000: uvm_test_top.env.master_agent.drv [ahb_master_driver] Beat[5/8] addr=0x0000f1a4 trans=AHB_TRANS_SEQ resp=AHB_RESP_OKAY wdata=0x2034bf3c
# UVM_INFO ../src/slv/ahb_slave_driver.sv(184) @ 1165000: uvm_test_top.env.slave_agent.drv [ahb_slave_driver] Beat AHB_WRITE addr=0x0000f1a4 resp=AHB_RESP_OKAY waits=0 wdata=0x2034bf3c
# UVM_INFO ../src/mst/ahb_master_monitor.sv(117) @ 1165000: uvm_test_top.env.master_agent.mon [ahb_master_monitor] Beat[5] addr=0x0000f1a4 wdata=0x2034bf3c resp=AHB_RESP_OKAY
# UVM_INFO ../src/mst/ahb_master_driver.sv(332) @ 1175000: uvm_test_top.env.master_agent.drv [ahb_master_driver] Beat[6/8] addr=0x0000f1a5 trans=AHB_TRANS_SEQ resp=AHB_RESP_OKAY wdata=0xd51f3420
# UVM_INFO ../src/slv/ahb_slave_driver.sv(184) @ 1175000: uvm_test_top.env.slave_agent.drv [ahb_slave_driver] Beat AHB_WRITE addr=0x0000f1a5 resp=AHB_RESP_OKAY waits=0 wdata=0xd51f3420
# UVM_INFO ../src/mst/ahb_master_monitor.sv(117) @ 1175000: uvm_test_top.env.master_agent.mon [ahb_master_monitor] Beat[6] addr=0x0000f1a5 wdata=0xd51f3420 resp=AHB_RESP_OKAY
# UVM_INFO ../src/mst/ahb_master_driver.sv(332) @ 1185000: uvm_test_top.env.master_agent.drv [ahb_master_driver] Beat[7/8] addr=0x0000f1a6 trans=AHB_TRANS_SEQ resp=AHB_RESP_OKAY wdata=0x739d93b6
# UVM_INFO ../src/mst/ahb_master_driver.sv(376) @ 1185000: uvm_test_top.env.master_agent.drv [ahb_master_driver] Transaction complete: AHB_WRITE 0x0000f19f, 8 beats, burst=AHB_BURST_INCR
# UVM_INFO ../src/slv/ahb_slave_driver.sv(184) @ 1185000: uvm_test_top.env.slave_agent.drv [ahb_slave_driver] Beat AHB_WRITE addr=0x0000f1a6 resp=AHB_RESP_OKAY waits=0 wdata=0x739d93b6
# UVM_INFO ../src/mst/ahb_master_monitor.sv(117) @ 1185000: uvm_test_top.env.master_agent.mon [ahb_master_monitor] Beat[7] addr=0x0000f1a6 wdata=0x739d93b6 resp=AHB_RESP_OKAY
# UVM_INFO ../src/mst/ahb_master_monitor.sv(220) @ 1185000: uvm_test_top.env.master_agent.mon [ahb_master_monitor] Observed [AHB_WRITE]: HADDR=0x0000f19f, HBURST=AHB_BURST_INCR, HSIZE=AHB_SIZE_8B, 8 beats
# UVM_INFO ../src/env/ahb_coverage.sv(126) @ 1185000: uvm_test_top.env.master_cov [ahb_coverage] Sampled [AHB_WRITE]: burst=AHB_BURST_INCR size=AHB_SIZE_8B beats=8 error=0
# UVM_INFO ../src/slv/ahb_slave_monitor.sv(197) @ 1185000: uvm_test_top.env.slave_agent.mon [ahb_slave_monitor] Observed [AHB_WRITE]: HADDR=0x0000f19f, HBURST=AHB_BURST_INCR, HSIZE=AHB_SIZE_8B, 8 beats
# UVM_INFO ../src/env/ahb_scoreboard.sv(104) @ 1185000: uvm_test_top.env.scb [ahb_scoreboard] MATCH #13: [AHB_WRITE] HADDR=0x0000f19f AHB_BURST_INCR 8 beats
# UVM_INFO ../src/env/ahb_coverage.sv(126) @ 1185000: uvm_test_top.env.slave_cov [ahb_coverage] Sampled [AHB_WRITE]: burst=AHB_BURST_INCR size=AHB_SIZE_8B beats=8 error=0
# UVM_INFO ../src/mst/ahb_master_driver.sv(85) @ 1215000: uvm_test_top.env.master_agent.drv [ahb_master_driver] Queueing [AHB_READ]: HADDR=0x0000f19f, HBURST=AHB_BURST_INCR, HSIZE=AHB_SIZE_8B, 8 beats
# UVM_INFO ../src/mst/ahb_master_driver.sv(127) @ 1215000: uvm_test_top.env.master_agent.drv [ahb_master_driver] Driving [AHB_READ]: HADDR=0x0000f19f, HBURST=AHB_BURST_INCR, HSIZE=AHB_SIZE_8B, 8 beats               
# UVM_INFO ../src/mst/ahb_master_driver.sv(332) @ 1245000: uvm_test_top.env.master_agent.drv [ahb_master_driver] Beat[0/8] addr=0x0000f19f trans=AHB_TRANS_NONSEQ resp=AHB_RESP_OKAY rdata=0x6deb21af
# UVM_INFO ../src/slv/ahb_slave_driver.sv(184) @ 1245000: uvm_test_top.env.slave_agent.drv [ahb_slave_driver] Beat AHB_READ addr=0x0000f19f resp=AHB_RESP_OKAY waits=0 rdata=0x6deb21af
# UVM_INFO ../src/mst/ahb_master_monitor.sv(117) @ 1245000: uvm_test_top.env.master_agent.mon [ahb_master_monitor] Beat[0] addr=0x0000f19f rdata=0x6deb21af resp=AHB_RESP_OKAY
# UVM_INFO ../src/mst/ahb_master_driver.sv(332) @ 1255000: uvm_test_top.env.master_agent.drv [ahb_master_driver] Beat[1/8] addr=0x0000f1a0 trans=AHB_TRANS_SEQ resp=AHB_RESP_OKAY rdata=0xd67b2148
# UVM_INFO ../src/slv/ahb_slave_driver.sv(184) @ 1255000: uvm_test_top.env.slave_agent.drv [ahb_slave_driver] Beat AHB_READ addr=0x0000f1a0 resp=AHB_RESP_OKAY waits=0 rdata=0xd67b2148
# UVM_INFO ../src/mst/ahb_master_monitor.sv(117) @ 1255000: uvm_test_top.env.master_agent.mon [ahb_master_monitor] Beat[1] addr=0x0000f1a0 rdata=0xd67b2148 resp=AHB_RESP_OKAY
# UVM_INFO ../src/mst/ahb_master_driver.sv(332) @ 1265000: uvm_test_top.env.master_agent.drv [ahb_master_driver] Beat[2/8] addr=0x0000f1a1 trans=AHB_TRANS_SEQ resp=AHB_RESP_OKAY rdata=0x6613b80e
# UVM_INFO ../src/slv/ahb_slave_driver.sv(184) @ 1265000: uvm_test_top.env.slave_agent.drv [ahb_slave_driver] Beat AHB_READ addr=0x0000f1a1 resp=AHB_RESP_OKAY waits=0 rdata=0x6613b80e
# UVM_INFO ../src/mst/ahb_master_monitor.sv(117) @ 1265000: uvm_test_top.env.master_agent.mon [ahb_master_monitor] Beat[2] addr=0x0000f1a1 rdata=0x6613b80e resp=AHB_RESP_OKAY
# UVM_INFO ../src/mst/ahb_master_driver.sv(332) @ 1275000: uvm_test_top.env.master_agent.drv [ahb_master_driver] Beat[3/8] addr=0x0000f1a2 trans=AHB_TRANS_SEQ resp=AHB_RESP_OKAY rdata=0xc0762c06
# UVM_INFO ../src/slv/ahb_slave_driver.sv(184) @ 1275000: uvm_test_top.env.slave_agent.drv [ahb_slave_driver] Beat AHB_READ addr=0x0000f1a2 resp=AHB_RESP_OKAY waits=0 rdata=0xc0762c06
# UVM_INFO ../src/mst/ahb_master_monitor.sv(117) @ 1275000: uvm_test_top.env.master_agent.mon [ahb_master_monitor] Beat[3] addr=0x0000f1a2 rdata=0xc0762c06 resp=AHB_RESP_OKAY
# UVM_INFO ../src/mst/ahb_master_driver.sv(332) @ 1285000: uvm_test_top.env.master_agent.drv [ahb_master_driver] Beat[4/8] addr=0x0000f1a3 trans=AHB_TRANS_SEQ resp=AHB_RESP_OKAY rdata=0x109366b2
# UVM_INFO ../src/slv/ahb_slave_driver.sv(184) @ 1285000: uvm_test_top.env.slave_agent.drv [ahb_slave_driver] Beat AHB_READ addr=0x0000f1a3 resp=AHB_RESP_OKAY waits=0 rdata=0x109366b2
# UVM_INFO ../src/mst/ahb_master_monitor.sv(117) @ 1285000: uvm_test_top.env.master_agent.mon [ahb_master_monitor] Beat[4] addr=0x0000f1a3 rdata=0x109366b2 resp=AHB_RESP_OKAY
# UVM_INFO ../src/mst/ahb_master_driver.sv(332) @ 1295000: uvm_test_top.env.master_agent.drv [ahb_master_driver] Beat[5/8] addr=0x0000f1a4 trans=AHB_TRANS_SEQ resp=AHB_RESP_OKAY rdata=0x2034bf3c
# UVM_INFO ../src/slv/ahb_slave_driver.sv(184) @ 1295000: uvm_test_top.env.slave_agent.drv [ahb_slave_driver] Beat AHB_READ addr=0x0000f1a4 resp=AHB_RESP_OKAY waits=0 rdata=0x2034bf3c
# UVM_INFO ../src/mst/ahb_master_monitor.sv(117) @ 1295000: uvm_test_top.env.master_agent.mon [ahb_master_monitor] Beat[5] addr=0x0000f1a4 rdata=0x2034bf3c resp=AHB_RESP_OKAY
# UVM_INFO ../src/mst/ahb_master_driver.sv(332) @ 1305000: uvm_test_top.env.master_agent.drv [ahb_master_driver] Beat[6/8] addr=0x0000f1a5 trans=AHB_TRANS_SEQ resp=AHB_RESP_OKAY rdata=0xd51f3420
# UVM_INFO ../src/slv/ahb_slave_driver.sv(184) @ 1305000: uvm_test_top.env.slave_agent.drv [ahb_slave_driver] Beat AHB_READ addr=0x0000f1a5 resp=AHB_RESP_OKAY waits=0 rdata=0xd51f3420
# UVM_INFO ../src/mst/ahb_master_monitor.sv(117) @ 1305000: uvm_test_top.env.master_agent.mon [ahb_master_monitor] Beat[6] addr=0x0000f1a5 rdata=0xd51f3420 resp=AHB_RESP_OKAY
# UVM_INFO ../src/mst/ahb_master_driver.sv(332) @ 1315000: uvm_test_top.env.master_agent.drv [ahb_master_driver] Beat[7/8] addr=0x0000f1a6 trans=AHB_TRANS_SEQ resp=AHB_RESP_OKAY rdata=0x739d93b6
# UVM_INFO ../src/mst/ahb_master_driver.sv(376) @ 1315000: uvm_test_top.env.master_agent.drv [ahb_master_driver] Transaction complete: AHB_READ 0x0000f19f, 8 beats, burst=AHB_BURST_INCR
# UVM_INFO ../src/slv/ahb_slave_driver.sv(184) @ 1315000: uvm_test_top.env.slave_agent.drv [ahb_slave_driver] Beat AHB_READ addr=0x0000f1a6 resp=AHB_RESP_OKAY waits=0 rdata=0x739d93b6
# UVM_INFO ../src/slv/ahb_slave_monitor.sv(197) @ 1315000: uvm_test_top.env.slave_agent.mon [ahb_slave_monitor] Observed [AHB_READ]: HADDR=0x0000f19f, HBURST=AHB_BURST_INCR, HSIZE=AHB_SIZE_8B, 8 beats
# UVM_INFO ../src/env/ahb_coverage.sv(126) @ 1315000: uvm_test_top.env.slave_cov [ahb_coverage] Sampled [AHB_READ]: burst=AHB_BURST_INCR size=AHB_SIZE_8B beats=8 error=0
# UVM_INFO ../src/mst/ahb_master_monitor.sv(117) @ 1315000: uvm_test_top.env.master_agent.mon [ahb_master_monitor] Beat[7] addr=0x0000f1a6 rdata=0x739d93b6 resp=AHB_RESP_OKAY
# UVM_INFO ../src/mst/ahb_master_monitor.sv(220) @ 1315000: uvm_test_top.env.master_agent.mon [ahb_master_monitor] Observed [AHB_READ]: HADDR=0x0000f19f, HBURST=AHB_BURST_INCR, HSIZE=AHB_SIZE_8B, 8 beats
# UVM_INFO ../src/env/ahb_coverage.sv(126) @ 1315000: uvm_test_top.env.master_cov [ahb_coverage] Sampled [AHB_READ]: burst=AHB_BURST_INCR size=AHB_SIZE_8B beats=8 error=0
# UVM_INFO ../src/env/ahb_scoreboard.sv(104) @ 1315000: uvm_test_top.env.scb [ahb_scoreboard] MATCH #14: [AHB_READ] HADDR=0x0000f19f AHB_BURST_INCR 8 beats
# UVM_INFO ../src/mst_seq/ahb_idle_seq.sv(210) @ 1345000: uvm_test_top.env.master_agent.sqr@@seq [ahb_idle_seq] [gap] AHB_BURST_INCR AHB_SIZE_8B @0x0000f19f, 8 beats
# UVM_INFO ../src/mst_seq/ahb_base_seq.sv(157) @ 1345000: uvm_test_top.env.master_agent.sqr@@seq [ahb_idle_seq] AHB_BURST_INCR AHB_SIZE_8B beat 0 @0x0000f19f ok
# UVM_INFO ../src/mst_seq/ahb_base_seq.sv(157) @ 1345000: uvm_test_top.env.master_agent.sqr@@seq [ahb_idle_seq] AHB_BURST_INCR AHB_SIZE_8B beat 1 @0x0000f1a0 ok
# UVM_INFO ../src/mst_seq/ahb_base_seq.sv(157) @ 1345000: uvm_test_top.env.master_agent.sqr@@seq [ahb_idle_seq] AHB_BURST_INCR AHB_SIZE_8B beat 2 @0x0000f1a1 ok
# UVM_INFO ../src/mst_seq/ahb_base_seq.sv(157) @ 1345000: uvm_test_top.env.master_agent.sqr@@seq [ahb_idle_seq] AHB_BURST_INCR AHB_SIZE_8B beat 3 @0x0000f1a2 ok
# UVM_INFO ../src/mst_seq/ahb_base_seq.sv(157) @ 1345000: uvm_test_top.env.master_agent.sqr@@seq [ahb_idle_seq] AHB_BURST_INCR AHB_SIZE_8B beat 4 @0x0000f1a3 ok
# UVM_INFO ../src/mst_seq/ahb_base_seq.sv(157) @ 1345000: uvm_test_top.env.master_agent.sqr@@seq [ahb_idle_seq] AHB_BURST_INCR AHB_SIZE_8B beat 5 @0x0000f1a4 ok
# UVM_INFO ../src/mst_seq/ahb_base_seq.sv(157) @ 1345000: uvm_test_top.env.master_agent.sqr@@seq [ahb_idle_seq] AHB_BURST_INCR AHB_SIZE_8B beat 6 @0x0000f1a5 ok
# UVM_INFO ../src/mst_seq/ahb_base_seq.sv(157) @ 1345000: uvm_test_top.env.master_agent.sqr@@seq [ahb_idle_seq] AHB_BURST_INCR AHB_SIZE_8B beat 7 @0x0000f1a6 ok
# UVM_INFO ../src/mst/ahb_master_driver.sv(85) @ 1355000: uvm_test_top.env.master_agent.drv [ahb_master_driver] Queueing [AHB_WRITE]: HADDR=0x0000f1e1, HBURST=AHB_BURST_INCR, HSIZE=AHB_SIZE_8B, 4 beats
# UVM_INFO ../src/mst/ahb_master_driver.sv(127) @ 1355000: uvm_test_top.env.master_agent.drv [ahb_master_driver] Driving [AHB_WRITE]: HADDR=0x0000f1e1, HBURST=AHB_BURST_INCR, HSIZE=AHB_SIZE_8B, 4 beats               
# UVM_INFO ../src/mst/ahb_master_driver.sv(332) @ 1385000: uvm_test_top.env.master_agent.drv [ahb_master_driver] Beat[0/4] addr=0x0000f1e1 trans=AHB_TRANS_NONSEQ resp=AHB_RESP_OKAY wdata=0x3c455cca
# UVM_INFO ../src/slv/ahb_slave_driver.sv(184) @ 1385000: uvm_test_top.env.slave_agent.drv [ahb_slave_driver] Beat AHB_WRITE addr=0x0000f1e1 resp=AHB_RESP_OKAY waits=0 wdata=0x3c455cca
# UVM_INFO ../src/mst/ahb_master_monitor.sv(117) @ 1385000: uvm_test_top.env.master_agent.mon [ahb_master_monitor] Beat[0] addr=0x0000f1e1 wdata=0x3c455cca resp=AHB_RESP_OKAY
# UVM_INFO ../src/mst/ahb_master_driver.sv(332) @ 1395000: uvm_test_top.env.master_agent.drv [ahb_master_driver] Beat[1/4] addr=0x0000f1e2 trans=AHB_TRANS_SEQ resp=AHB_RESP_OKAY wdata=0xef3e7537
# UVM_INFO ../src/slv/ahb_slave_driver.sv(184) @ 1395000: uvm_test_top.env.slave_agent.drv [ahb_slave_driver] Beat AHB_WRITE addr=0x0000f1e2 resp=AHB_RESP_OKAY waits=0 wdata=0xef3e7537
# UVM_INFO ../src/mst/ahb_master_monitor.sv(117) @ 1395000: uvm_test_top.env.master_agent.mon [ahb_master_monitor] Beat[1] addr=0x0000f1e2 wdata=0xef3e7537 resp=AHB_RESP_OKAY
# UVM_INFO ../src/mst/ahb_master_driver.sv(332) @ 1405000: uvm_test_top.env.master_agent.drv [ahb_master_driver] Beat[2/4] addr=0x0000f1e3 trans=AHB_TRANS_SEQ resp=AHB_RESP_OKAY wdata=0xf0761c4a
# UVM_INFO ../src/slv/ahb_slave_driver.sv(184) @ 1405000: uvm_test_top.env.slave_agent.drv [ahb_slave_driver] Beat AHB_WRITE addr=0x0000f1e3 resp=AHB_RESP_OKAY waits=0 wdata=0xf0761c4a
# UVM_INFO ../src/mst/ahb_master_monitor.sv(117) @ 1405000: uvm_test_top.env.master_agent.mon [ahb_master_monitor] Beat[2] addr=0x0000f1e3 wdata=0xf0761c4a resp=AHB_RESP_OKAY
# UVM_INFO ../src/mst/ahb_master_driver.sv(332) @ 1415000: uvm_test_top.env.master_agent.drv [ahb_master_driver] Beat[3/4] addr=0x0000f1e4 trans=AHB_TRANS_SEQ resp=AHB_RESP_OKAY wdata=0xcb846902
# UVM_INFO ../src/mst/ahb_master_driver.sv(376) @ 1415000: uvm_test_top.env.master_agent.drv [ahb_master_driver] Transaction complete: AHB_WRITE 0x0000f1e1, 4 beats, burst=AHB_BURST_INCR
# UVM_INFO ../src/slv/ahb_slave_driver.sv(184) @ 1415000: uvm_test_top.env.slave_agent.drv [ahb_slave_driver] Beat AHB_WRITE addr=0x0000f1e4 resp=AHB_RESP_OKAY waits=0 wdata=0xcb846902
# UVM_INFO ../src/slv/ahb_slave_monitor.sv(197) @ 1415000: uvm_test_top.env.slave_agent.mon [ahb_slave_monitor] Observed [AHB_WRITE]: HADDR=0x0000f1e1, HBURST=AHB_BURST_INCR, HSIZE=AHB_SIZE_8B, 4 beats
# UVM_INFO ../src/env/ahb_coverage.sv(126) @ 1415000: uvm_test_top.env.slave_cov [ahb_coverage] Sampled [AHB_WRITE]: burst=AHB_BURST_INCR size=AHB_SIZE_8B beats=4 error=0
# UVM_INFO ../src/mst/ahb_master_monitor.sv(117) @ 1415000: uvm_test_top.env.master_agent.mon [ahb_master_monitor] Beat[3] addr=0x0000f1e4 wdata=0xcb846902 resp=AHB_RESP_OKAY
# UVM_INFO ../src/mst/ahb_master_monitor.sv(220) @ 1415000: uvm_test_top.env.master_agent.mon [ahb_master_monitor] Observed [AHB_WRITE]: HADDR=0x0000f1e1, HBURST=AHB_BURST_INCR, HSIZE=AHB_SIZE_8B, 4 beats
# UVM_INFO ../src/env/ahb_coverage.sv(126) @ 1415000: uvm_test_top.env.master_cov [ahb_coverage] Sampled [AHB_WRITE]: burst=AHB_BURST_INCR size=AHB_SIZE_8B beats=4 error=0
# UVM_INFO ../src/env/ahb_scoreboard.sv(104) @ 1415000: uvm_test_top.env.scb [ahb_scoreboard] MATCH #15: [AHB_WRITE] HADDR=0x0000f1e1 AHB_BURST_INCR 4 beats
# UVM_INFO ../src/mst/ahb_master_driver.sv(85) @ 1435000: uvm_test_top.env.master_agent.drv [ahb_master_driver] Queueing [AHB_READ]: HADDR=0x0000f1e1, HBURST=AHB_BURST_INCR, HSIZE=AHB_SIZE_8B, 4 beats
# UVM_INFO ../src/mst/ahb_master_driver.sv(127) @ 1435000: uvm_test_top.env.master_agent.drv [ahb_master_driver] Driving [AHB_READ]: HADDR=0x0000f1e1, HBURST=AHB_BURST_INCR, HSIZE=AHB_SIZE_8B, 4 beats               
# UVM_INFO ../src/mst/ahb_master_driver.sv(332) @ 1465000: uvm_test_top.env.master_agent.drv [ahb_master_driver] Beat[0/4] addr=0x0000f1e1 trans=AHB_TRANS_NONSEQ resp=AHB_RESP_OKAY rdata=0x3c455cca
# UVM_INFO ../src/slv/ahb_slave_driver.sv(184) @ 1465000: uvm_test_top.env.slave_agent.drv [ahb_slave_driver] Beat AHB_READ addr=0x0000f1e1 resp=AHB_RESP_OKAY waits=0 rdata=0x3c455cca
# UVM_INFO ../src/mst/ahb_master_monitor.sv(117) @ 1465000: uvm_test_top.env.master_agent.mon [ahb_master_monitor] Beat[0] addr=0x0000f1e1 rdata=0x3c455cca resp=AHB_RESP_OKAY
# UVM_INFO ../src/mst/ahb_master_driver.sv(332) @ 1475000: uvm_test_top.env.master_agent.drv [ahb_master_driver] Beat[1/4] addr=0x0000f1e2 trans=AHB_TRANS_SEQ resp=AHB_RESP_OKAY rdata=0xef3e7537
# UVM_INFO ../src/slv/ahb_slave_driver.sv(184) @ 1475000: uvm_test_top.env.slave_agent.drv [ahb_slave_driver] Beat AHB_READ addr=0x0000f1e2 resp=AHB_RESP_OKAY waits=0 rdata=0xef3e7537
# UVM_INFO ../src/mst/ahb_master_monitor.sv(117) @ 1475000: uvm_test_top.env.master_agent.mon [ahb_master_monitor] Beat[1] addr=0x0000f1e2 rdata=0xef3e7537 resp=AHB_RESP_OKAY
# UVM_INFO ../src/mst/ahb_master_driver.sv(332) @ 1485000: uvm_test_top.env.master_agent.drv [ahb_master_driver] Beat[2/4] addr=0x0000f1e3 trans=AHB_TRANS_SEQ resp=AHB_RESP_OKAY rdata=0xf0761c4a
# UVM_INFO ../src/slv/ahb_slave_driver.sv(184) @ 1485000: uvm_test_top.env.slave_agent.drv [ahb_slave_driver] Beat AHB_READ addr=0x0000f1e3 resp=AHB_RESP_OKAY waits=0 rdata=0xf0761c4a
# UVM_INFO ../src/mst/ahb_master_monitor.sv(117) @ 1485000: uvm_test_top.env.master_agent.mon [ahb_master_monitor] Beat[2] addr=0x0000f1e3 rdata=0xf0761c4a resp=AHB_RESP_OKAY
# UVM_INFO ../src/mst/ahb_master_driver.sv(332) @ 1495000: uvm_test_top.env.master_agent.drv [ahb_master_driver] Beat[3/4] addr=0x0000f1e4 trans=AHB_TRANS_SEQ resp=AHB_RESP_OKAY rdata=0xcb846902
# UVM_INFO ../src/mst/ahb_master_driver.sv(376) @ 1495000: uvm_test_top.env.master_agent.drv [ahb_master_driver] Transaction complete: AHB_READ 0x0000f1e1, 4 beats, burst=AHB_BURST_INCR
# UVM_INFO ../src/slv/ahb_slave_driver.sv(184) @ 1495000: uvm_test_top.env.slave_agent.drv [ahb_slave_driver] Beat AHB_READ addr=0x0000f1e4 resp=AHB_RESP_OKAY waits=0 rdata=0xcb846902
# UVM_INFO ../src/slv/ahb_slave_monitor.sv(197) @ 1495000: uvm_test_top.env.slave_agent.mon [ahb_slave_monitor] Observed [AHB_READ]: HADDR=0x0000f1e1, HBURST=AHB_BURST_INCR, HSIZE=AHB_SIZE_8B, 4 beats
# UVM_INFO ../src/env/ahb_coverage.sv(126) @ 1495000: uvm_test_top.env.slave_cov [ahb_coverage] Sampled [AHB_READ]: burst=AHB_BURST_INCR size=AHB_SIZE_8B beats=4 error=0
# UVM_INFO ../src/mst/ahb_master_monitor.sv(117) @ 1495000: uvm_test_top.env.master_agent.mon [ahb_master_monitor] Beat[3] addr=0x0000f1e4 rdata=0xcb846902 resp=AHB_RESP_OKAY
# UVM_INFO ../src/mst/ahb_master_monitor.sv(220) @ 1495000: uvm_test_top.env.master_agent.mon [ahb_master_monitor] Observed [AHB_READ]: HADDR=0x0000f1e1, HBURST=AHB_BURST_INCR, HSIZE=AHB_SIZE_8B, 4 beats
# UVM_INFO ../src/env/ahb_coverage.sv(126) @ 1495000: uvm_test_top.env.master_cov [ahb_coverage] Sampled [AHB_READ]: burst=AHB_BURST_INCR size=AHB_SIZE_8B beats=4 error=0
# UVM_INFO ../src/env/ahb_scoreboard.sv(104) @ 1495000: uvm_test_top.env.scb [ahb_scoreboard] MATCH #16: [AHB_READ] HADDR=0x0000f1e1 AHB_BURST_INCR 4 beats
# UVM_INFO ../src/mst_seq/ahb_idle_seq.sv(210) @ 1525000: uvm_test_top.env.master_agent.sqr@@seq [ahb_idle_seq] [gap] AHB_BURST_INCR AHB_SIZE_8B @0x0000f1e1, 4 beats
# UVM_INFO ../src/mst_seq/ahb_base_seq.sv(157) @ 1525000: uvm_test_top.env.master_agent.sqr@@seq [ahb_idle_seq] AHB_BURST_INCR AHB_SIZE_8B beat 0 @0x0000f1e1 ok
# UVM_INFO ../src/mst_seq/ahb_base_seq.sv(157) @ 1525000: uvm_test_top.env.master_agent.sqr@@seq [ahb_idle_seq] AHB_BURST_INCR AHB_SIZE_8B beat 1 @0x0000f1e2 ok
# UVM_INFO ../src/mst_seq/ahb_base_seq.sv(157) @ 1525000: uvm_test_top.env.master_agent.sqr@@seq [ahb_idle_seq] AHB_BURST_INCR AHB_SIZE_8B beat 2 @0x0000f1e3 ok
# UVM_INFO ../src/mst_seq/ahb_base_seq.sv(157) @ 1525000: uvm_test_top.env.master_agent.sqr@@seq [ahb_idle_seq] AHB_BURST_INCR AHB_SIZE_8B beat 3 @0x0000f1e4 ok
# UVM_INFO ../src/mst/ahb_master_driver.sv(85) @ 1555000: uvm_test_top.env.master_agent.drv [ahb_master_driver] Queueing [AHB_WRITE]: HADDR=0x0000f22e, HBURST=AHB_BURST_INCR8, HSIZE=AHB_SIZE_16B, 8 beats
# UVM_INFO ../src/mst/ahb_master_driver.sv(127) @ 1555000: uvm_test_top.env.master_agent.drv [ahb_master_driver] Driving [AHB_WRITE]: HADDR=0x0000f22e, HBURST=AHB_BURST_INCR8, HSIZE=AHB_SIZE_16B, 8 beats               
# UVM_INFO ../src/mst/ahb_master_driver.sv(332) @ 1605000: uvm_test_top.env.master_agent.drv [ahb_master_driver] Beat[0/8] addr=0x0000f22e trans=AHB_TRANS_NONSEQ resp=AHB_RESP_OKAY wdata=0x490eed36
# UVM_INFO ../src/slv/ahb_slave_driver.sv(184) @ 1605000: uvm_test_top.env.slave_agent.drv [ahb_slave_driver] Beat AHB_WRITE addr=0x0000f22e resp=AHB_RESP_OKAY waits=2 wdata=0x490eed36
# UVM_INFO ../src/mst/ahb_master_monitor.sv(117) @ 1605000: uvm_test_top.env.master_agent.mon [ahb_master_monitor] Beat[0] addr=0x0000f22e wdata=0x490eed36 resp=AHB_RESP_OKAY
# UVM_INFO ../src/mst/ahb_master_driver.sv(332) @ 1635000: uvm_test_top.env.master_agent.drv [ahb_master_driver] Beat[1/8] addr=0x0000f230 trans=AHB_TRANS_SEQ resp=AHB_RESP_OKAY wdata=0x11a32472
# UVM_INFO ../src/slv/ahb_slave_driver.sv(184) @ 1635000: uvm_test_top.env.slave_agent.drv [ahb_slave_driver] Beat AHB_WRITE addr=0x0000f230 resp=AHB_RESP_OKAY waits=1 wdata=0x11a32472
# UVM_INFO ../src/mst/ahb_master_monitor.sv(117) @ 1635000: uvm_test_top.env.master_agent.mon [ahb_master_monitor] Beat[1] addr=0x0000f230 wdata=0x11a32472 resp=AHB_RESP_OKAY
# UVM_INFO ../src/mst/ahb_master_driver.sv(332) @ 1655000: uvm_test_top.env.master_agent.drv [ahb_master_driver] Beat[2/8] addr=0x0000f232 trans=AHB_TRANS_SEQ resp=AHB_RESP_OKAY wdata=0xb1b6763f
# UVM_INFO ../src/slv/ahb_slave_driver.sv(184) @ 1655000: uvm_test_top.env.slave_agent.drv [ahb_slave_driver] Beat AHB_WRITE addr=0x0000f232 resp=AHB_RESP_OKAY waits=0 wdata=0xb1b6763f
# UVM_INFO ../src/mst/ahb_master_monitor.sv(117) @ 1655000: uvm_test_top.env.master_agent.mon [ahb_master_monitor] Beat[2] addr=0x0000f232 wdata=0xb1b6763f resp=AHB_RESP_OKAY
# UVM_INFO ../src/mst/ahb_master_driver.sv(332) @ 1685000: uvm_test_top.env.master_agent.drv [ahb_master_driver] Beat[3/8] addr=0x0000f234 trans=AHB_TRANS_SEQ resp=AHB_RESP_OKAY wdata=0xe23fae16
# UVM_INFO ../src/slv/ahb_slave_driver.sv(184) @ 1685000: uvm_test_top.env.slave_agent.drv [ahb_slave_driver] Beat AHB_WRITE addr=0x0000f234 resp=AHB_RESP_OKAY waits=1 wdata=0xe23fae16
# UVM_INFO ../src/mst/ahb_master_monitor.sv(117) @ 1685000: uvm_test_top.env.master_agent.mon [ahb_master_monitor] Beat[3] addr=0x0000f234 wdata=0xe23fae16 resp=AHB_RESP_OKAY
# UVM_INFO ../src/mst/ahb_master_driver.sv(332) @ 1725000: uvm_test_top.env.master_agent.drv [ahb_master_driver] Beat[4/8] addr=0x0000f236 trans=AHB_TRANS_SEQ resp=AHB_RESP_OKAY wdata=0xe17d5b23
# UVM_INFO ../src/slv/ahb_slave_driver.sv(184) @ 1725000: uvm_test_top.env.slave_agent.drv [ahb_slave_driver] Beat AHB_WRITE addr=0x0000f236 resp=AHB_RESP_OKAY waits=1 wdata=0xe17d5b23
# UVM_INFO ../src/mst/ahb_master_monitor.sv(117) @ 1725000: uvm_test_top.env.master_agent.mon [ahb_master_monitor] Beat[4] addr=0x0000f236 wdata=0xe17d5b23 resp=AHB_RESP_OKAY
# UVM_INFO ../src/mst/ahb_master_driver.sv(332) @ 1745000: uvm_test_top.env.master_agent.drv [ahb_master_driver] Beat[5/8] addr=0x0000f238 trans=AHB_TRANS_SEQ resp=AHB_RESP_OKAY wdata=0x15073c5c
# UVM_INFO ../src/slv/ahb_slave_driver.sv(184) @ 1745000: uvm_test_top.env.slave_agent.drv [ahb_slave_driver] Beat AHB_WRITE addr=0x0000f238 resp=AHB_RESP_OKAY waits=0 wdata=0x15073c5c
# UVM_INFO ../src/mst/ahb_master_monitor.sv(117) @ 1745000: uvm_test_top.env.master_agent.mon [ahb_master_monitor] Beat[5] addr=0x0000f238 wdata=0x15073c5c resp=AHB_RESP_OKAY
# UVM_INFO ../src/mst/ahb_master_driver.sv(332) @ 1775000: uvm_test_top.env.master_agent.drv [ahb_master_driver] Beat[6/8] addr=0x0000f23a trans=AHB_TRANS_SEQ resp=AHB_RESP_OKAY wdata=0x8ae5ec0f
# UVM_INFO ../src/slv/ahb_slave_driver.sv(184) @ 1775000: uvm_test_top.env.slave_agent.drv [ahb_slave_driver] Beat AHB_WRITE addr=0x0000f23a resp=AHB_RESP_OKAY waits=0 wdata=0x8ae5ec0f
# UVM_INFO ../src/mst/ahb_master_monitor.sv(117) @ 1775000: uvm_test_top.env.master_agent.mon [ahb_master_monitor] Beat[6] addr=0x0000f23a wdata=0x8ae5ec0f resp=AHB_RESP_OKAY
# UVM_INFO ../src/mst/ahb_master_driver.sv(332) @ 1815000: uvm_test_top.env.master_agent.drv [ahb_master_driver] Beat[7/8] addr=0x0000f23c trans=AHB_TRANS_SEQ resp=AHB_RESP_OKAY wdata=0x0626b700
# UVM_INFO ../src/mst/ahb_master_driver.sv(376) @ 1815000: uvm_test_top.env.master_agent.drv [ahb_master_driver] Transaction complete: AHB_WRITE 0x0000f22e, 8 beats, burst=AHB_BURST_INCR8
# UVM_INFO ../src/slv/ahb_slave_driver.sv(184) @ 1815000: uvm_test_top.env.slave_agent.drv [ahb_slave_driver] Beat AHB_WRITE addr=0x0000f23c resp=AHB_RESP_OKAY waits=1 wdata=0x0626b700
# UVM_INFO ../src/slv/ahb_slave_monitor.sv(197) @ 1815000: uvm_test_top.env.slave_agent.mon [ahb_slave_monitor] Observed [AHB_WRITE]: HADDR=0x0000f22e, HBURST=AHB_BURST_INCR8, HSIZE=AHB_SIZE_16B, 8 beats
# UVM_INFO ../src/env/ahb_coverage.sv(126) @ 1815000: uvm_test_top.env.slave_cov [ahb_coverage] Sampled [AHB_WRITE]: burst=AHB_BURST_INCR8 size=AHB_SIZE_16B beats=8 error=0
# UVM_INFO ../src/mst/ahb_master_monitor.sv(117) @ 1815000: uvm_test_top.env.master_agent.mon [ahb_master_monitor] Beat[7] addr=0x0000f23c wdata=0x0626b700 resp=AHB_RESP_OKAY
# UVM_INFO ../src/mst/ahb_master_monitor.sv(220) @ 1815000: uvm_test_top.env.master_agent.mon [ahb_master_monitor] Observed [AHB_WRITE]: HADDR=0x0000f22e, HBURST=AHB_BURST_INCR8, HSIZE=AHB_SIZE_16B, 8 beats
# UVM_INFO ../src/env/ahb_coverage.sv(126) @ 1815000: uvm_test_top.env.master_cov [ahb_coverage] Sampled [AHB_WRITE]: burst=AHB_BURST_INCR8 size=AHB_SIZE_16B beats=8 error=0
# UVM_INFO ../src/env/ahb_scoreboard.sv(104) @ 1815000: uvm_test_top.env.scb [ahb_scoreboard] MATCH #17: [AHB_WRITE] HADDR=0x0000f22e AHB_BURST_INCR8 8 beats
# UVM_INFO ../src/mst/ahb_master_driver.sv(85) @ 1825000: uvm_test_top.env.master_agent.drv [ahb_master_driver] Queueing [AHB_READ]: HADDR=0x0000f22e, HBURST=AHB_BURST_INCR8, HSIZE=AHB_SIZE_16B, 8 beats
# UVM_INFO ../src/mst/ahb_master_driver.sv(127) @ 1825000: uvm_test_top.env.master_agent.drv [ahb_master_driver] Driving [AHB_READ]: HADDR=0x0000f22e, HBURST=AHB_BURST_INCR8, HSIZE=AHB_SIZE_16B, 8 beats               
# UVM_INFO ../src/mst/ahb_master_driver.sv(332) @ 1855000: uvm_test_top.env.master_agent.drv [ahb_master_driver] Beat[0/8] addr=0x0000f22e trans=AHB_TRANS_NONSEQ resp=AHB_RESP_OKAY rdata=0x490eed36
# UVM_INFO ../src/slv/ahb_slave_driver.sv(184) @ 1855000: uvm_test_top.env.slave_agent.drv [ahb_slave_driver] Beat AHB_READ addr=0x0000f22e resp=AHB_RESP_OKAY waits=0 rdata=0x490eed36
# UVM_INFO ../src/mst/ahb_master_monitor.sv(117) @ 1855000: uvm_test_top.env.master_agent.mon [ahb_master_monitor] Beat[0] addr=0x0000f22e rdata=0x490eed36 resp=AHB_RESP_OKAY
# UVM_INFO ../src/mst/ahb_master_driver.sv(332) @ 1875000: uvm_test_top.env.master_agent.drv [ahb_master_driver] Beat[1/8] addr=0x0000f230 trans=AHB_TRANS_SEQ resp=AHB_RESP_OKAY rdata=0x11a32472
# UVM_INFO ../src/slv/ahb_slave_driver.sv(184) @ 1875000: uvm_test_top.env.slave_agent.drv [ahb_slave_driver] Beat AHB_READ addr=0x0000f230 resp=AHB_RESP_OKAY waits=1 rdata=0x11a32472
# UVM_INFO ../src/mst/ahb_master_monitor.sv(117) @ 1875000: uvm_test_top.env.master_agent.mon [ahb_master_monitor] Beat[1] addr=0x0000f230 rdata=0x11a32472 resp=AHB_RESP_OKAY
# UVM_INFO ../src/mst/ahb_master_driver.sv(332) @ 1905000: uvm_test_top.env.master_agent.drv [ahb_master_driver] Beat[2/8] addr=0x0000f232 trans=AHB_TRANS_SEQ resp=AHB_RESP_OKAY rdata=0xb1b6763f
# UVM_INFO ../src/slv/ahb_slave_driver.sv(184) @ 1905000: uvm_test_top.env.slave_agent.drv [ahb_slave_driver] Beat AHB_READ addr=0x0000f232 resp=AHB_RESP_OKAY waits=2 rdata=0xb1b6763f
# UVM_INFO ../src/mst/ahb_master_monitor.sv(117) @ 1905000: uvm_test_top.env.master_agent.mon [ahb_master_monitor] Beat[2] addr=0x0000f232 rdata=0xb1b6763f resp=AHB_RESP_OKAY
# UVM_INFO ../src/mst/ahb_master_driver.sv(332) @ 1925000: uvm_test_top.env.master_agent.drv [ahb_master_driver] Beat[3/8] addr=0x0000f234 trans=AHB_TRANS_SEQ resp=AHB_RESP_OKAY rdata=0xe23fae16
# UVM_INFO ../src/slv/ahb_slave_driver.sv(184) @ 1925000: uvm_test_top.env.slave_agent.drv [ahb_slave_driver] Beat AHB_READ addr=0x0000f234 resp=AHB_RESP_OKAY waits=1 rdata=0xe23fae16
# UVM_INFO ../src/mst/ahb_master_monitor.sv(117) @ 1925000: uvm_test_top.env.master_agent.mon [ahb_master_monitor] Beat[3] addr=0x0000f234 rdata=0xe23fae16 resp=AHB_RESP_OKAY
# UVM_INFO ../src/mst/ahb_master_driver.sv(332) @ 1945000: uvm_test_top.env.master_agent.drv [ahb_master_driver] Beat[4/8] addr=0x0000f236 trans=AHB_TRANS_SEQ resp=AHB_RESP_OKAY rdata=0xe17d5b23
# UVM_INFO ../src/slv/ahb_slave_driver.sv(184) @ 1945000: uvm_test_top.env.slave_agent.drv [ahb_slave_driver] Beat AHB_READ addr=0x0000f236 resp=AHB_RESP_OKAY waits=1 rdata=0xe17d5b23
# UVM_INFO ../src/mst/ahb_master_monitor.sv(117) @ 1945000: uvm_test_top.env.master_agent.mon [ahb_master_monitor] Beat[4] addr=0x0000f236 rdata=0xe17d5b23 resp=AHB_RESP_OKAY
# UVM_INFO ../src/mst/ahb_master_driver.sv(332) @ 1965000: uvm_test_top.env.master_agent.drv [ahb_master_driver] Beat[5/8] addr=0x0000f238 trans=AHB_TRANS_SEQ resp=AHB_RESP_OKAY rdata=0x15073c5c
# UVM_INFO ../src/slv/ahb_slave_driver.sv(184) @ 1965000: uvm_test_top.env.slave_agent.drv [ahb_slave_driver] Beat AHB_READ addr=0x0000f238 resp=AHB_RESP_OKAY waits=1 rdata=0x15073c5c
# UVM_INFO ../src/mst/ahb_master_monitor.sv(117) @ 1965000: uvm_test_top.env.master_agent.mon [ahb_master_monitor] Beat[5] addr=0x0000f238 rdata=0x15073c5c resp=AHB_RESP_OKAY
# UVM_INFO ../src/mst/ahb_master_driver.sv(332) @ 1975000: uvm_test_top.env.master_agent.drv [ahb_master_driver] Beat[6/8] addr=0x0000f23a trans=AHB_TRANS_SEQ resp=AHB_RESP_OKAY rdata=0x8ae5ec0f
# UVM_INFO ../src/slv/ahb_slave_driver.sv(184) @ 1975000: uvm_test_top.env.slave_agent.drv [ahb_slave_driver] Beat AHB_READ addr=0x0000f23a resp=AHB_RESP_OKAY waits=0 rdata=0x8ae5ec0f
# UVM_INFO ../src/mst/ahb_master_monitor.sv(117) @ 1975000: uvm_test_top.env.master_agent.mon [ahb_master_monitor] Beat[6] addr=0x0000f23a rdata=0x8ae5ec0f resp=AHB_RESP_OKAY
# UVM_INFO ../src/mst/ahb_master_driver.sv(332) @ 2005000: uvm_test_top.env.master_agent.drv [ahb_master_driver] Beat[7/8] addr=0x0000f23c trans=AHB_TRANS_SEQ resp=AHB_RESP_OKAY rdata=0x0626b700
# UVM_INFO ../src/mst/ahb_master_driver.sv(376) @ 2005000: uvm_test_top.env.master_agent.drv [ahb_master_driver] Transaction complete: AHB_READ 0x0000f22e, 8 beats, burst=AHB_BURST_INCR8
# UVM_INFO ../src/slv/ahb_slave_driver.sv(184) @ 2005000: uvm_test_top.env.slave_agent.drv [ahb_slave_driver] Beat AHB_READ addr=0x0000f23c resp=AHB_RESP_OKAY waits=2 rdata=0x0626b700
# UVM_INFO ../src/mst/ahb_master_monitor.sv(117) @ 2005000: uvm_test_top.env.master_agent.mon [ahb_master_monitor] Beat[7] addr=0x0000f23c rdata=0x0626b700 resp=AHB_RESP_OKAY
# UVM_INFO ../src/mst/ahb_master_monitor.sv(220) @ 2005000: uvm_test_top.env.master_agent.mon [ahb_master_monitor] Observed [AHB_READ]: HADDR=0x0000f22e, HBURST=AHB_BURST_INCR8, HSIZE=AHB_SIZE_16B, 8 beats
# UVM_INFO ../src/env/ahb_coverage.sv(126) @ 2005000: uvm_test_top.env.master_cov [ahb_coverage] Sampled [AHB_READ]: burst=AHB_BURST_INCR8 size=AHB_SIZE_16B beats=8 error=0
# UVM_INFO ../src/slv/ahb_slave_monitor.sv(197) @ 2005000: uvm_test_top.env.slave_agent.mon [ahb_slave_monitor] Observed [AHB_READ]: HADDR=0x0000f22e, HBURST=AHB_BURST_INCR8, HSIZE=AHB_SIZE_16B, 8 beats
# UVM_INFO ../src/env/ahb_scoreboard.sv(104) @ 2005000: uvm_test_top.env.scb [ahb_scoreboard] MATCH #18: [AHB_READ] HADDR=0x0000f22e AHB_BURST_INCR8 8 beats
# UVM_INFO ../src/env/ahb_coverage.sv(126) @ 2005000: uvm_test_top.env.slave_cov [ahb_coverage] Sampled [AHB_READ]: burst=AHB_BURST_INCR8 size=AHB_SIZE_16B beats=8 error=0
# UVM_INFO ../src/mst_seq/ahb_idle_seq.sv(273) @ 2005000: uvm_test_top.env.master_agent.sqr@@seq [ahb_idle_seq] [busy] AHB_BURST_INCR8 AHB_SIZE_16B @0x0000f22e, 8 beats
# UVM_INFO ../src/mst_seq/ahb_base_seq.sv(157) @ 2005000: uvm_test_top.env.master_agent.sqr@@seq [ahb_idle_seq] AHB_BURST_INCR8 AHB_SIZE_16B beat 0 @0x0000f22e ok
# UVM_INFO ../src/mst_seq/ahb_base_seq.sv(157) @ 2005000: uvm_test_top.env.master_agent.sqr@@seq [ahb_idle_seq] AHB_BURST_INCR8 AHB_SIZE_16B beat 1 @0x0000f230 ok
# UVM_INFO ../src/mst_seq/ahb_base_seq.sv(157) @ 2005000: uvm_test_top.env.master_agent.sqr@@seq [ahb_idle_seq] AHB_BURST_INCR8 AHB_SIZE_16B beat 2 @0x0000f232 ok
# UVM_INFO ../src/mst_seq/ahb_base_seq.sv(157) @ 2005000: uvm_test_top.env.master_agent.sqr@@seq [ahb_idle_seq] AHB_BURST_INCR8 AHB_SIZE_16B beat 3 @0x0000f234 ok
# UVM_INFO ../src/mst_seq/ahb_base_seq.sv(157) @ 2005000: uvm_test_top.env.master_agent.sqr@@seq [ahb_idle_seq] AHB_BURST_INCR8 AHB_SIZE_16B beat 4 @0x0000f236 ok
# UVM_INFO ../src/mst_seq/ahb_base_seq.sv(157) @ 2005000: uvm_test_top.env.master_agent.sqr@@seq [ahb_idle_seq] AHB_BURST_INCR8 AHB_SIZE_16B beat 5 @0x0000f238 ok
# UVM_INFO ../src/mst_seq/ahb_base_seq.sv(157) @ 2005000: uvm_test_top.env.master_agent.sqr@@seq [ahb_idle_seq] AHB_BURST_INCR8 AHB_SIZE_16B beat 6 @0x0000f23a ok
# UVM_INFO ../src/mst_seq/ahb_base_seq.sv(157) @ 2005000: uvm_test_top.env.master_agent.sqr@@seq [ahb_idle_seq] AHB_BURST_INCR8 AHB_SIZE_16B beat 7 @0x0000f23c ok
# UVM_INFO ../src/mst/ahb_master_driver.sv(85) @ 2015000: uvm_test_top.env.master_agent.drv [ahb_master_driver] Queueing [AHB_WRITE]: HADDR=0x0000f24c, HBURST=AHB_BURST_INCR8, HSIZE=AHB_SIZE_32B, 8 beats
# UVM_INFO ../src/mst/ahb_master_driver.sv(127) @ 2015000: uvm_test_top.env.master_agent.drv [ahb_master_driver] Driving [AHB_WRITE]: HADDR=0x0000f24c, HBURST=AHB_BURST_INCR8, HSIZE=AHB_SIZE_32B, 8 beats               
# UVM_INFO ../src/mst/ahb_master_driver.sv(332) @ 2045000: uvm_test_top.env.master_agent.drv [ahb_master_driver] Beat[0/8] addr=0x0000f24c trans=AHB_TRANS_NONSEQ resp=AHB_RESP_OKAY wdata=0x4a22198e
# UVM_INFO ../src/slv/ahb_slave_driver.sv(184) @ 2045000: uvm_test_top.env.slave_agent.drv [ahb_slave_driver] Beat AHB_WRITE addr=0x0000f24c resp=AHB_RESP_OKAY waits=0 wdata=0x4a22198e
# UVM_INFO ../src/mst/ahb_master_monitor.sv(117) @ 2045000: uvm_test_top.env.master_agent.mon [ahb_master_monitor] Beat[0] addr=0x0000f24c wdata=0x4a22198e resp=AHB_RESP_OKAY
# UVM_INFO ../src/mst/ahb_master_driver.sv(332) @ 2085000: uvm_test_top.env.master_agent.drv [ahb_master_driver] Beat[1/8] addr=0x0000f250 trans=AHB_TRANS_SEQ resp=AHB_RESP_OKAY wdata=0x6032fa76
# UVM_INFO ../src/slv/ahb_slave_driver.sv(184) @ 2085000: uvm_test_top.env.slave_agent.drv [ahb_slave_driver] Beat AHB_WRITE addr=0x0000f250 resp=AHB_RESP_OKAY waits=1 wdata=0x6032fa76
# UVM_INFO ../src/mst/ahb_master_monitor.sv(117) @ 2085000: uvm_test_top.env.master_agent.mon [ahb_master_monitor] Beat[1] addr=0x0000f250 wdata=0x6032fa76 resp=AHB_RESP_OKAY
# UVM_INFO ../src/mst/ahb_master_driver.sv(332) @ 2135000: uvm_test_top.env.master_agent.drv [ahb_master_driver] Beat[2/8] addr=0x0000f254 trans=AHB_TRANS_SEQ resp=AHB_RESP_OKAY wdata=0x247dcd49
# UVM_INFO ../src/slv/ahb_slave_driver.sv(184) @ 2135000: uvm_test_top.env.slave_agent.drv [ahb_slave_driver] Beat AHB_WRITE addr=0x0000f254 resp=AHB_RESP_OKAY waits=2 wdata=0x247dcd49
# UVM_INFO ../src/mst/ahb_master_monitor.sv(117) @ 2135000: uvm_test_top.env.master_agent.mon [ahb_master_monitor] Beat[2] addr=0x0000f254 wdata=0x247dcd49 resp=AHB_RESP_OKAY
# UVM_INFO ../src/mst/ahb_master_driver.sv(332) @ 2165000: uvm_test_top.env.master_agent.drv [ahb_master_driver] Beat[3/8] addr=0x0000f258 trans=AHB_TRANS_SEQ resp=AHB_RESP_OKAY wdata=0xd8459c6b
# UVM_INFO ../src/slv/ahb_slave_driver.sv(184) @ 2165000: uvm_test_top.env.slave_agent.drv [ahb_slave_driver] Beat AHB_WRITE addr=0x0000f258 resp=AHB_RESP_OKAY waits=0 wdata=0xd8459c6b
# UVM_INFO ../src/mst/ahb_master_monitor.sv(117) @ 2165000: uvm_test_top.env.master_agent.mon [ahb_master_monitor] Beat[3] addr=0x0000f258 wdata=0xd8459c6b resp=AHB_RESP_OKAY
# UVM_INFO ../src/mst/ahb_master_driver.sv(332) @ 2205000: uvm_test_top.env.master_agent.drv [ahb_master_driver] Beat[4/8] addr=0x0000f25c trans=AHB_TRANS_SEQ resp=AHB_RESP_OKAY wdata=0xa882a74e
# UVM_INFO ../src/slv/ahb_slave_driver.sv(184) @ 2205000: uvm_test_top.env.slave_agent.drv [ahb_slave_driver] Beat AHB_WRITE addr=0x0000f25c resp=AHB_RESP_OKAY waits=2 wdata=0xa882a74e
# UVM_INFO ../src/mst/ahb_master_monitor.sv(117) @ 2205000: uvm_test_top.env.master_agent.mon [ahb_master_monitor] Beat[4] addr=0x0000f25c wdata=0xa882a74e resp=AHB_RESP_OKAY
# UVM_INFO ../src/mst/ahb_master_driver.sv(332) @ 2235000: uvm_test_top.env.master_agent.drv [ahb_master_driver] Beat[5/8] addr=0x0000f260 trans=AHB_TRANS_SEQ resp=AHB_RESP_OKAY wdata=0x8c85301c
# UVM_INFO ../src/slv/ahb_slave_driver.sv(184) @ 2235000: uvm_test_top.env.slave_agent.drv [ahb_slave_driver] Beat AHB_WRITE addr=0x0000f260 resp=AHB_RESP_OKAY waits=1 wdata=0x8c85301c
# UVM_INFO ../src/mst/ahb_master_monitor.sv(117) @ 2235000: uvm_test_top.env.master_agent.mon [ahb_master_monitor] Beat[5] addr=0x0000f260 wdata=0x8c85301c resp=AHB_RESP_OKAY
# UVM_INFO ../src/mst/ahb_master_driver.sv(332) @ 2265000: uvm_test_top.env.master_agent.drv [ahb_master_driver] Beat[6/8] addr=0x0000f264 trans=AHB_TRANS_SEQ resp=AHB_RESP_OKAY wdata=0x60e4d4bf
# UVM_INFO ../src/slv/ahb_slave_driver.sv(184) @ 2265000: uvm_test_top.env.slave_agent.drv [ahb_slave_driver] Beat AHB_WRITE addr=0x0000f264 resp=AHB_RESP_OKAY waits=0 wdata=0x60e4d4bf
# UVM_INFO ../src/mst/ahb_master_monitor.sv(117) @ 2265000: uvm_test_top.env.master_agent.mon [ahb_master_monitor] Beat[6] addr=0x0000f264 wdata=0x60e4d4bf resp=AHB_RESP_OKAY
# UVM_INFO ../src/mst/ahb_master_driver.sv(332) @ 2305000: uvm_test_top.env.master_agent.drv [ahb_master_driver] Beat[7/8] addr=0x0000f268 trans=AHB_TRANS_SEQ resp=AHB_RESP_OKAY wdata=0x5baf9918
# UVM_INFO ../src/mst/ahb_master_driver.sv(376) @ 2305000: uvm_test_top.env.master_agent.drv [ahb_master_driver] Transaction complete: AHB_WRITE 0x0000f24c, 8 beats, burst=AHB_BURST_INCR8
# UVM_INFO ../src/slv/ahb_slave_driver.sv(184) @ 2305000: uvm_test_top.env.slave_agent.drv [ahb_slave_driver] Beat AHB_WRITE addr=0x0000f268 resp=AHB_RESP_OKAY waits=2 wdata=0x5baf9918
# UVM_INFO ../src/mst/ahb_master_monitor.sv(117) @ 2305000: uvm_test_top.env.master_agent.mon [ahb_master_monitor] Beat[7] addr=0x0000f268 wdata=0x5baf9918 resp=AHB_RESP_OKAY
# UVM_INFO ../src/mst/ahb_master_monitor.sv(220) @ 2305000: uvm_test_top.env.master_agent.mon [ahb_master_monitor] Observed [AHB_WRITE]: HADDR=0x0000f24c, HBURST=AHB_BURST_INCR8, HSIZE=AHB_SIZE_32B, 8 beats
# UVM_INFO ../src/env/ahb_coverage.sv(126) @ 2305000: uvm_test_top.env.master_cov [ahb_coverage] Sampled [AHB_WRITE]: burst=AHB_BURST_INCR8 size=AHB_SIZE_32B beats=8 error=0
# UVM_INFO ../src/slv/ahb_slave_monitor.sv(197) @ 2305000: uvm_test_top.env.slave_agent.mon [ahb_slave_monitor] Observed [AHB_WRITE]: HADDR=0x0000f24c, HBURST=AHB_BURST_INCR8, HSIZE=AHB_SIZE_32B, 8 beats
# UVM_INFO ../src/env/ahb_scoreboard.sv(104) @ 2305000: uvm_test_top.env.scb [ahb_scoreboard] MATCH #19: [AHB_WRITE] HADDR=0x0000f24c AHB_BURST_INCR8 8 beats
# UVM_INFO ../src/env/ahb_coverage.sv(126) @ 2305000: uvm_test_top.env.slave_cov [ahb_coverage] Sampled [AHB_WRITE]: burst=AHB_BURST_INCR8 size=AHB_SIZE_32B beats=8 error=0
# UVM_INFO ../src/mst/ahb_master_driver.sv(85) @ 2345000: uvm_test_top.env.master_agent.drv [ahb_master_driver] Queueing [AHB_READ]: HADDR=0x0000f24c, HBURST=AHB_BURST_INCR8, HSIZE=AHB_SIZE_32B, 8 beats
# UVM_INFO ../src/mst/ahb_master_driver.sv(127) @ 2345000: uvm_test_top.env.master_agent.drv [ahb_master_driver] Driving [AHB_READ]: HADDR=0x0000f24c, HBURST=AHB_BURST_INCR8, HSIZE=AHB_SIZE_32B, 8 beats               
# UVM_INFO ../src/mst/ahb_master_driver.sv(332) @ 2395000: uvm_test_top.env.master_agent.drv [ahb_master_driver] Beat[0/8] addr=0x0000f24c trans=AHB_TRANS_NONSEQ resp=AHB_RESP_OKAY rdata=0x4a22198e
# UVM_INFO ../src/slv/ahb_slave_driver.sv(184) @ 2395000: uvm_test_top.env.slave_agent.drv [ahb_slave_driver] Beat AHB_READ addr=0x0000f24c resp=AHB_RESP_OKAY waits=2 rdata=0x4a22198e
# UVM_INFO ../src/mst/ahb_master_monitor.sv(117) @ 2395000: uvm_test_top.env.master_agent.mon [ahb_master_monitor] Beat[0] addr=0x0000f24c rdata=0x4a22198e resp=AHB_RESP_OKAY
# UVM_INFO ../src/mst/ahb_master_driver.sv(332) @ 2405000: uvm_test_top.env.master_agent.drv [ahb_master_driver] Beat[1/8] addr=0x0000f250 trans=AHB_TRANS_SEQ resp=AHB_RESP_OKAY rdata=0x6032fa76
# UVM_INFO ../src/slv/ahb_slave_driver.sv(184) @ 2405000: uvm_test_top.env.slave_agent.drv [ahb_slave_driver] Beat AHB_READ addr=0x0000f250 resp=AHB_RESP_OKAY waits=0 rdata=0x6032fa76
# UVM_INFO ../src/mst/ahb_master_monitor.sv(117) @ 2405000: uvm_test_top.env.master_agent.mon [ahb_master_monitor] Beat[1] addr=0x0000f250 rdata=0x6032fa76 resp=AHB_RESP_OKAY
# UVM_INFO ../src/mst/ahb_master_driver.sv(332) @ 2415000: uvm_test_top.env.master_agent.drv [ahb_master_driver] Beat[2/8] addr=0x0000f254 trans=AHB_TRANS_SEQ resp=AHB_RESP_OKAY rdata=0x247dcd49
# UVM_INFO ../src/slv/ahb_slave_driver.sv(184) @ 2415000: uvm_test_top.env.slave_agent.drv [ahb_slave_driver] Beat AHB_READ addr=0x0000f254 resp=AHB_RESP_OKAY waits=0 rdata=0x247dcd49
# UVM_INFO ../src/mst/ahb_master_monitor.sv(117) @ 2415000: uvm_test_top.env.master_agent.mon [ahb_master_monitor] Beat[2] addr=0x0000f254 rdata=0x247dcd49 resp=AHB_RESP_OKAY
# UVM_INFO ../src/mst/ahb_master_driver.sv(332) @ 2435000: uvm_test_top.env.master_agent.drv [ahb_master_driver] Beat[3/8] addr=0x0000f258 trans=AHB_TRANS_SEQ resp=AHB_RESP_OKAY rdata=0xd8459c6b
# UVM_INFO ../src/slv/ahb_slave_driver.sv(184) @ 2435000: uvm_test_top.env.slave_agent.drv [ahb_slave_driver] Beat AHB_READ addr=0x0000f258 resp=AHB_RESP_OKAY waits=1 rdata=0xd8459c6b
# UVM_INFO ../src/mst/ahb_master_monitor.sv(117) @ 2435000: uvm_test_top.env.master_agent.mon [ahb_master_monitor] Beat[3] addr=0x0000f258 rdata=0xd8459c6b resp=AHB_RESP_OKAY
# UVM_INFO ../src/mst/ahb_master_driver.sv(332) @ 2465000: uvm_test_top.env.master_agent.drv [ahb_master_driver] Beat[4/8] addr=0x0000f25c trans=AHB_TRANS_SEQ resp=AHB_RESP_OKAY rdata=0xa882a74e
# UVM_INFO ../src/slv/ahb_slave_driver.sv(184) @ 2465000: uvm_test_top.env.slave_agent.drv [ahb_slave_driver] Beat AHB_READ addr=0x0000f25c resp=AHB_RESP_OKAY waits=2 rdata=0xa882a74e
# UVM_INFO ../src/mst/ahb_master_monitor.sv(117) @ 2465000: uvm_test_top.env.master_agent.mon [ahb_master_monitor] Beat[4] addr=0x0000f25c rdata=0xa882a74e resp=AHB_RESP_OKAY
# UVM_INFO ../src/mst/ahb_master_driver.sv(332) @ 2475000: uvm_test_top.env.master_agent.drv [ahb_master_driver] Beat[5/8] addr=0x0000f260 trans=AHB_TRANS_SEQ resp=AHB_RESP_OKAY rdata=0x8c85301c
# UVM_INFO ../src/slv/ahb_slave_driver.sv(184) @ 2475000: uvm_test_top.env.slave_agent.drv [ahb_slave_driver] Beat AHB_READ addr=0x0000f260 resp=AHB_RESP_OKAY waits=0 rdata=0x8c85301c
# UVM_INFO ../src/mst/ahb_master_monitor.sv(117) @ 2475000: uvm_test_top.env.master_agent.mon [ahb_master_monitor] Beat[5] addr=0x0000f260 rdata=0x8c85301c resp=AHB_RESP_OKAY
# UVM_INFO ../src/mst/ahb_master_driver.sv(332) @ 2505000: uvm_test_top.env.master_agent.drv [ahb_master_driver] Beat[6/8] addr=0x0000f264 trans=AHB_TRANS_SEQ resp=AHB_RESP_OKAY rdata=0x60e4d4bf
# UVM_INFO ../src/slv/ahb_slave_driver.sv(184) @ 2505000: uvm_test_top.env.slave_agent.drv [ahb_slave_driver] Beat AHB_READ addr=0x0000f264 resp=AHB_RESP_OKAY waits=2 rdata=0x60e4d4bf
# UVM_INFO ../src/mst/ahb_master_monitor.sv(117) @ 2505000: uvm_test_top.env.master_agent.mon [ahb_master_monitor] Beat[6] addr=0x0000f264 rdata=0x60e4d4bf resp=AHB_RESP_OKAY
# UVM_INFO ../src/mst/ahb_master_driver.sv(332) @ 2525000: uvm_test_top.env.master_agent.drv [ahb_master_driver] Beat[7/8] addr=0x0000f268 trans=AHB_TRANS_SEQ resp=AHB_RESP_OKAY rdata=0x5baf9918
# UVM_INFO ../src/mst/ahb_master_driver.sv(376) @ 2525000: uvm_test_top.env.master_agent.drv [ahb_master_driver] Transaction complete: AHB_READ 0x0000f24c, 8 beats, burst=AHB_BURST_INCR8
# UVM_INFO ../src/slv/ahb_slave_driver.sv(184) @ 2525000: uvm_test_top.env.slave_agent.drv [ahb_slave_driver] Beat AHB_READ addr=0x0000f268 resp=AHB_RESP_OKAY waits=1 rdata=0x5baf9918
# UVM_INFO ../src/mst/ahb_master_monitor.sv(117) @ 2525000: uvm_test_top.env.master_agent.mon [ahb_master_monitor] Beat[7] addr=0x0000f268 rdata=0x5baf9918 resp=AHB_RESP_OKAY
# UVM_INFO ../src/mst/ahb_master_monitor.sv(220) @ 2525000: uvm_test_top.env.master_agent.mon [ahb_master_monitor] Observed [AHB_READ]: HADDR=0x0000f24c, HBURST=AHB_BURST_INCR8, HSIZE=AHB_SIZE_32B, 8 beats
# UVM_INFO ../src/env/ahb_coverage.sv(126) @ 2525000: uvm_test_top.env.master_cov [ahb_coverage] Sampled [AHB_READ]: burst=AHB_BURST_INCR8 size=AHB_SIZE_32B beats=8 error=0
# UVM_INFO ../src/slv/ahb_slave_monitor.sv(197) @ 2525000: uvm_test_top.env.slave_agent.mon [ahb_slave_monitor] Observed [AHB_READ]: HADDR=0x0000f24c, HBURST=AHB_BURST_INCR8, HSIZE=AHB_SIZE_32B, 8 beats
# UVM_INFO ../src/env/ahb_scoreboard.sv(104) @ 2525000: uvm_test_top.env.scb [ahb_scoreboard] MATCH #20: [AHB_READ] HADDR=0x0000f24c AHB_BURST_INCR8 8 beats
# UVM_INFO ../src/env/ahb_coverage.sv(126) @ 2525000: uvm_test_top.env.slave_cov [ahb_coverage] Sampled [AHB_READ]: burst=AHB_BURST_INCR8 size=AHB_SIZE_32B beats=8 error=0
# UVM_INFO ../src/mst_seq/ahb_idle_seq.sv(273) @ 2525000: uvm_test_top.env.master_agent.sqr@@seq [ahb_idle_seq] [busy] AHB_BURST_INCR8 AHB_SIZE_32B @0x0000f24c, 8 beats
# UVM_INFO ../src/mst_seq/ahb_base_seq.sv(157) @ 2525000: uvm_test_top.env.master_agent.sqr@@seq [ahb_idle_seq] AHB_BURST_INCR8 AHB_SIZE_32B beat 0 @0x0000f24c ok
# UVM_INFO ../src/mst_seq/ahb_base_seq.sv(157) @ 2525000: uvm_test_top.env.master_agent.sqr@@seq [ahb_idle_seq] AHB_BURST_INCR8 AHB_SIZE_32B beat 1 @0x0000f250 ok
# UVM_INFO ../src/mst_seq/ahb_base_seq.sv(157) @ 2525000: uvm_test_top.env.master_agent.sqr@@seq [ahb_idle_seq] AHB_BURST_INCR8 AHB_SIZE_32B beat 2 @0x0000f254 ok
# UVM_INFO ../src/mst_seq/ahb_base_seq.sv(157) @ 2525000: uvm_test_top.env.master_agent.sqr@@seq [ahb_idle_seq] AHB_BURST_INCR8 AHB_SIZE_32B beat 3 @0x0000f258 ok
# UVM_INFO ../src/mst_seq/ahb_base_seq.sv(157) @ 2525000: uvm_test_top.env.master_agent.sqr@@seq [ahb_idle_seq] AHB_BURST_INCR8 AHB_SIZE_32B beat 4 @0x0000f25c ok
# UVM_INFO ../src/mst_seq/ahb_base_seq.sv(157) @ 2525000: uvm_test_top.env.master_agent.sqr@@seq [ahb_idle_seq] AHB_BURST_INCR8 AHB_SIZE_32B beat 5 @0x0000f260 ok
# UVM_INFO ../src/mst_seq/ahb_base_seq.sv(157) @ 2525000: uvm_test_top.env.master_agent.sqr@@seq [ahb_idle_seq] AHB_BURST_INCR8 AHB_SIZE_32B beat 6 @0x0000f264 ok
# UVM_INFO ../src/mst_seq/ahb_base_seq.sv(157) @ 2525000: uvm_test_top.env.master_agent.sqr@@seq [ahb_idle_seq] AHB_BURST_INCR8 AHB_SIZE_32B beat 7 @0x0000f268 ok
# UVM_INFO ../src/mst/ahb_master_driver.sv(85) @ 2555000: uvm_test_top.env.master_agent.drv [ahb_master_driver] Queueing [AHB_WRITE]: HADDR=0x0000f295, HBURST=AHB_BURST_INCR4, HSIZE=AHB_SIZE_8B, 4 beats
# UVM_INFO ../src/mst/ahb_master_driver.sv(127) @ 2555000: uvm_test_top.env.master_agent.drv [ahb_master_driver] Driving [AHB_WRITE]: HADDR=0x0000f295, HBURST=AHB_BURST_INCR4, HSIZE=AHB_SIZE_8B, 4 beats               
# UVM_INFO ../src/mst/ahb_master_driver.sv(332) @ 2585000: uvm_test_top.env.master_agent.drv [ahb_master_driver] Beat[0/4] addr=0x0000f295 trans=AHB_TRANS_NONSEQ resp=AHB_RESP_OKAY wdata=0xfa69d834
# UVM_INFO ../src/slv/ahb_slave_driver.sv(184) @ 2585000: uvm_test_top.env.slave_agent.drv [ahb_slave_driver] Beat AHB_WRITE addr=0x0000f295 resp=AHB_RESP_OKAY waits=0 wdata=0xfa69d834
# UVM_INFO ../src/mst/ahb_master_monitor.sv(117) @ 2585000: uvm_test_top.env.master_agent.mon [ahb_master_monitor] Beat[0] addr=0x0000f295 wdata=0xfa69d834 resp=AHB_RESP_OKAY
# UVM_INFO ../src/mst/ahb_master_driver.sv(332) @ 2615000: uvm_test_top.env.master_agent.drv [ahb_master_driver] Beat[1/4] addr=0x0000f296 trans=AHB_TRANS_SEQ resp=AHB_RESP_OKAY wdata=0xc1ccbfeb
# UVM_INFO ../src/slv/ahb_slave_driver.sv(184) @ 2615000: uvm_test_top.env.slave_agent.drv [ahb_slave_driver] Beat AHB_WRITE addr=0x0000f296 resp=AHB_RESP_OKAY waits=0 wdata=0xc1ccbfeb
# UVM_INFO ../src/mst/ahb_master_monitor.sv(117) @ 2615000: uvm_test_top.env.master_agent.mon [ahb_master_monitor] Beat[1] addr=0x0000f296 wdata=0xc1ccbfeb resp=AHB_RESP_OKAY
# UVM_INFO ../src/mst/ahb_master_driver.sv(332) @ 2655000: uvm_test_top.env.master_agent.drv [ahb_master_driver] Beat[2/4] addr=0x0000f297 trans=AHB_TRANS_SEQ resp=AHB_RESP_OKAY wdata=0x8faab13a
# UVM_INFO ../src/slv/ahb_slave_driver.sv(184) @ 2655000: uvm_test_top.env.slave_agent.drv [ahb_slave_driver] Beat AHB_WRITE addr=0x0000f297 resp=AHB_RESP_OKAY waits=2 wdata=0x8faab13a
# UVM_INFO ../src/mst/ahb_master_monitor.sv(117) @ 2655000: uvm_test_top.env.master_agent.mon [ahb_master_monitor] Beat[2] addr=0x0000f297 wdata=0x8faab13a resp=AHB_RESP_OKAY
# UVM_INFO ../src/mst/ahb_master_driver.sv(332) @ 2675000: uvm_test_top.env.master_agent.drv [ahb_master_driver] Beat[3/4] addr=0x0000f298 trans=AHB_TRANS_SEQ resp=AHB_RESP_OKAY wdata=0xabd177d0
# UVM_INFO ../src/mst/ahb_master_driver.sv(376) @ 2675000: uvm_test_top.env.master_agent.drv [ahb_master_driver] Transaction complete: AHB_WRITE 0x0000f295, 4 beats, burst=AHB_BURST_INCR4
# UVM_INFO ../src/slv/ahb_slave_driver.sv(184) @ 2675000: uvm_test_top.env.slave_agent.drv [ahb_slave_driver] Beat AHB_WRITE addr=0x0000f298 resp=AHB_RESP_OKAY waits=0 wdata=0xabd177d0
# UVM_INFO ../src/slv/ahb_slave_monitor.sv(197) @ 2675000: uvm_test_top.env.slave_agent.mon [ahb_slave_monitor] Observed [AHB_WRITE]: HADDR=0x0000f295, HBURST=AHB_BURST_INCR4, HSIZE=AHB_SIZE_8B, 4 beats
# UVM_INFO ../src/env/ahb_coverage.sv(126) @ 2675000: uvm_test_top.env.slave_cov [ahb_coverage] Sampled [AHB_WRITE]: burst=AHB_BURST_INCR4 size=AHB_SIZE_8B beats=4 error=0
# UVM_INFO ../src/mst/ahb_master_monitor.sv(117) @ 2675000: uvm_test_top.env.master_agent.mon [ahb_master_monitor] Beat[3] addr=0x0000f298 wdata=0xabd177d0 resp=AHB_RESP_OKAY
# UVM_INFO ../src/mst/ahb_master_monitor.sv(220) @ 2675000: uvm_test_top.env.master_agent.mon [ahb_master_monitor] Observed [AHB_WRITE]: HADDR=0x0000f295, HBURST=AHB_BURST_INCR4, HSIZE=AHB_SIZE_8B, 4 beats
# UVM_INFO ../src/env/ahb_coverage.sv(126) @ 2675000: uvm_test_top.env.master_cov [ahb_coverage] Sampled [AHB_WRITE]: burst=AHB_BURST_INCR4 size=AHB_SIZE_8B beats=4 error=0
# UVM_INFO ../src/env/ahb_scoreboard.sv(104) @ 2675000: uvm_test_top.env.scb [ahb_scoreboard] MATCH #21: [AHB_WRITE] HADDR=0x0000f295 AHB_BURST_INCR4 4 beats
# UVM_INFO ../src/mst/ahb_master_driver.sv(85) @ 2705000: uvm_test_top.env.master_agent.drv [ahb_master_driver] Queueing [AHB_READ]: HADDR=0x0000f295, HBURST=AHB_BURST_INCR4, HSIZE=AHB_SIZE_8B, 4 beats
# UVM_INFO ../src/mst/ahb_master_driver.sv(127) @ 2705000: uvm_test_top.env.master_agent.drv [ahb_master_driver] Driving [AHB_READ]: HADDR=0x0000f295, HBURST=AHB_BURST_INCR4, HSIZE=AHB_SIZE_8B, 4 beats               
# UVM_INFO ../src/mst/ahb_master_driver.sv(332) @ 2755000: uvm_test_top.env.master_agent.drv [ahb_master_driver] Beat[0/4] addr=0x0000f295 trans=AHB_TRANS_NONSEQ resp=AHB_RESP_OKAY rdata=0xfa69d834
# UVM_INFO ../src/slv/ahb_slave_driver.sv(184) @ 2755000: uvm_test_top.env.slave_agent.drv [ahb_slave_driver] Beat AHB_READ addr=0x0000f295 resp=AHB_RESP_OKAY waits=2 rdata=0xfa69d834
# UVM_INFO ../src/mst/ahb_master_monitor.sv(117) @ 2755000: uvm_test_top.env.master_agent.mon [ahb_master_monitor] Beat[0] addr=0x0000f295 rdata=0xfa69d834 resp=AHB_RESP_OKAY
# UVM_INFO ../src/mst/ahb_master_driver.sv(332) @ 2765000: uvm_test_top.env.master_agent.drv [ahb_master_driver] Beat[1/4] addr=0x0000f296 trans=AHB_TRANS_SEQ resp=AHB_RESP_OKAY rdata=0xc1ccbfeb
# UVM_INFO ../src/slv/ahb_slave_driver.sv(184) @ 2765000: uvm_test_top.env.slave_agent.drv [ahb_slave_driver] Beat AHB_READ addr=0x0000f296 resp=AHB_RESP_OKAY waits=0 rdata=0xc1ccbfeb
# UVM_INFO ../src/mst/ahb_master_monitor.sv(117) @ 2765000: uvm_test_top.env.master_agent.mon [ahb_master_monitor] Beat[1] addr=0x0000f296 rdata=0xc1ccbfeb resp=AHB_RESP_OKAY
# UVM_INFO ../src/mst/ahb_master_driver.sv(332) @ 2775000: uvm_test_top.env.master_agent.drv [ahb_master_driver] Beat[2/4] addr=0x0000f297 trans=AHB_TRANS_SEQ resp=AHB_RESP_OKAY rdata=0x8faab13a
# UVM_INFO ../src/slv/ahb_slave_driver.sv(184) @ 2775000: uvm_test_top.env.slave_agent.drv [ahb_slave_driver] Beat AHB_READ addr=0x0000f297 resp=AHB_RESP_OKAY waits=0 rdata=0x8faab13a
# UVM_INFO ../src/mst/ahb_master_monitor.sv(117) @ 2775000: uvm_test_top.env.master_agent.mon [ahb_master_monitor] Beat[2] addr=0x0000f297 rdata=0x8faab13a resp=AHB_RESP_OKAY
# UVM_INFO ../src/mst/ahb_master_driver.sv(332) @ 2795000: uvm_test_top.env.master_agent.drv [ahb_master_driver] Beat[3/4] addr=0x0000f298 trans=AHB_TRANS_SEQ resp=AHB_RESP_OKAY rdata=0xabd177d0
# UVM_INFO ../src/mst/ahb_master_driver.sv(376) @ 2795000: uvm_test_top.env.master_agent.drv [ahb_master_driver] Transaction complete: AHB_READ 0x0000f295, 4 beats, burst=AHB_BURST_INCR4
# UVM_INFO ../src/slv/ahb_slave_driver.sv(184) @ 2795000: uvm_test_top.env.slave_agent.drv [ahb_slave_driver] Beat AHB_READ addr=0x0000f298 resp=AHB_RESP_OKAY waits=1 rdata=0xabd177d0
# UVM_INFO ../src/slv/ahb_slave_monitor.sv(197) @ 2795000: uvm_test_top.env.slave_agent.mon [ahb_slave_monitor] Observed [AHB_READ]: HADDR=0x0000f295, HBURST=AHB_BURST_INCR4, HSIZE=AHB_SIZE_8B, 4 beats
# UVM_INFO ../src/env/ahb_coverage.sv(126) @ 2795000: uvm_test_top.env.slave_cov [ahb_coverage] Sampled [AHB_READ]: burst=AHB_BURST_INCR4 size=AHB_SIZE_8B beats=4 error=0
# UVM_INFO ../src/mst/ahb_master_monitor.sv(117) @ 2795000: uvm_test_top.env.master_agent.mon [ahb_master_monitor] Beat[3] addr=0x0000f298 rdata=0xabd177d0 resp=AHB_RESP_OKAY
# UVM_INFO ../src/mst/ahb_master_monitor.sv(220) @ 2795000: uvm_test_top.env.master_agent.mon [ahb_master_monitor] Observed [AHB_READ]: HADDR=0x0000f295, HBURST=AHB_BURST_INCR4, HSIZE=AHB_SIZE_8B, 4 beats
# UVM_INFO ../src/env/ahb_coverage.sv(126) @ 2795000: uvm_test_top.env.master_cov [ahb_coverage] Sampled [AHB_READ]: burst=AHB_BURST_INCR4 size=AHB_SIZE_8B beats=4 error=0
# UVM_INFO ../src/env/ahb_scoreboard.sv(104) @ 2795000: uvm_test_top.env.scb [ahb_scoreboard] MATCH #22: [AHB_READ] HADDR=0x0000f295 AHB_BURST_INCR4 4 beats
# UVM_INFO ../src/mst_seq/ahb_idle_seq.sv(273) @ 2795000: uvm_test_top.env.master_agent.sqr@@seq [ahb_idle_seq] [busy] AHB_BURST_INCR4 AHB_SIZE_8B @0x0000f295, 4 beats
# UVM_INFO ../src/mst_seq/ahb_base_seq.sv(157) @ 2795000: uvm_test_top.env.master_agent.sqr@@seq [ahb_idle_seq] AHB_BURST_INCR4 AHB_SIZE_8B beat 0 @0x0000f295 ok
# UVM_INFO ../src/mst_seq/ahb_base_seq.sv(157) @ 2795000: uvm_test_top.env.master_agent.sqr@@seq [ahb_idle_seq] AHB_BURST_INCR4 AHB_SIZE_8B beat 1 @0x0000f296 ok
# UVM_INFO ../src/mst_seq/ahb_base_seq.sv(157) @ 2795000: uvm_test_top.env.master_agent.sqr@@seq [ahb_idle_seq] AHB_BURST_INCR4 AHB_SIZE_8B beat 2 @0x0000f297 ok
# UVM_INFO ../src/mst_seq/ahb_base_seq.sv(157) @ 2795000: uvm_test_top.env.master_agent.sqr@@seq [ahb_idle_seq] AHB_BURST_INCR4 AHB_SIZE_8B beat 3 @0x0000f298 ok
# UVM_INFO ../src/mst/ahb_master_driver.sv(85) @ 2835000: uvm_test_top.env.master_agent.drv [ahb_master_driver] Queueing [AHB_WRITE]: HADDR=0x0000f2f8, HBURST=AHB_BURST_INCR8, HSIZE=AHB_SIZE_8B, 8 beats
# UVM_INFO ../src/mst/ahb_master_driver.sv(127) @ 2835000: uvm_test_top.env.master_agent.drv [ahb_master_driver] Driving [AHB_WRITE]: HADDR=0x0000f2f8, HBURST=AHB_BURST_INCR8, HSIZE=AHB_SIZE_8B, 8 beats               
# UVM_INFO ../src/mst/ahb_master_driver.sv(332) @ 2875000: uvm_test_top.env.master_agent.drv [ahb_master_driver] Beat[0/8] addr=0x0000f2f8 trans=AHB_TRANS_NONSEQ resp=AHB_RESP_OKAY wdata=0xccbdeaa9
# UVM_INFO ../src/slv/ahb_slave_driver.sv(184) @ 2875000: uvm_test_top.env.slave_agent.drv [ahb_slave_driver] Beat AHB_WRITE addr=0x0000f2f8 resp=AHB_RESP_OKAY waits=1 wdata=0xccbdeaa9
# UVM_INFO ../src/mst/ahb_master_monitor.sv(117) @ 2875000: uvm_test_top.env.master_agent.mon [ahb_master_monitor] Beat[0] addr=0x0000f2f8 wdata=0xccbdeaa9 resp=AHB_RESP_OKAY
# UVM_INFO ../src/mst/ahb_master_driver.sv(332) @ 2925000: uvm_test_top.env.master_agent.drv [ahb_master_driver] Beat[1/8] addr=0x0000f2f9 trans=AHB_TRANS_SEQ resp=AHB_RESP_OKAY wdata=0x107f86de
# UVM_INFO ../src/slv/ahb_slave_driver.sv(184) @ 2925000: uvm_test_top.env.slave_agent.drv [ahb_slave_driver] Beat AHB_WRITE addr=0x0000f2f9 resp=AHB_RESP_OKAY waits=2 wdata=0x107f86de
# UVM_INFO ../src/mst/ahb_master_monitor.sv(117) @ 2925000: uvm_test_top.env.master_agent.mon [ahb_master_monitor] Beat[1] addr=0x0000f2f9 wdata=0x107f86de resp=AHB_RESP_OKAY
# UVM_INFO ../src/mst/ahb_master_driver.sv(332) @ 2955000: uvm_test_top.env.master_agent.drv [ahb_master_driver] Beat[2/8] addr=0x0000f2fa trans=AHB_TRANS_SEQ resp=AHB_RESP_OKAY wdata=0x40dfceef
# UVM_INFO ../src/slv/ahb_slave_driver.sv(184) @ 2955000: uvm_test_top.env.slave_agent.drv [ahb_slave_driver] Beat AHB_WRITE addr=0x0000f2fa resp=AHB_RESP_OKAY waits=0 wdata=0x40dfceef
# UVM_INFO ../src/mst/ahb_master_monitor.sv(117) @ 2955000: uvm_test_top.env.master_agent.mon [ahb_master_monitor] Beat[2] addr=0x0000f2fa wdata=0x40dfceef resp=AHB_RESP_OKAY
# UVM_INFO ../src/mst/ahb_master_driver.sv(332) @ 2985000: uvm_test_top.env.master_agent.drv [ahb_master_driver] Beat[3/8] addr=0x0000f2fb trans=AHB_TRANS_SEQ resp=AHB_RESP_OKAY wdata=0x3cb150fb
# UVM_INFO ../src/slv/ahb_slave_driver.sv(184) @ 2985000: uvm_test_top.env.slave_agent.drv [ahb_slave_driver] Beat AHB_WRITE addr=0x0000f2fb resp=AHB_RESP_OKAY waits=0 wdata=0x3cb150fb
# UVM_INFO ../src/mst/ahb_master_monitor.sv(117) @ 2985000: uvm_test_top.env.master_agent.mon [ahb_master_monitor] Beat[3] addr=0x0000f2fb wdata=0x3cb150fb resp=AHB_RESP_OKAY
# UVM_INFO ../src/mst/ahb_master_driver.sv(332) @ 3015000: uvm_test_top.env.master_agent.drv [ahb_master_driver] Beat[4/8] addr=0x0000f2fc trans=AHB_TRANS_SEQ resp=AHB_RESP_OKAY wdata=0x2ca9793b
# UVM_INFO ../src/slv/ahb_slave_driver.sv(184) @ 3015000: uvm_test_top.env.slave_agent.drv [ahb_slave_driver] Beat AHB_WRITE addr=0x0000f2fc resp=AHB_RESP_OKAY waits=0 wdata=0x2ca9793b
# UVM_INFO ../src/mst/ahb_master_monitor.sv(117) @ 3015000: uvm_test_top.env.master_agent.mon [ahb_master_monitor] Beat[4] addr=0x0000f2fc wdata=0x2ca9793b resp=AHB_RESP_OKAY
# UVM_INFO ../src/mst/ahb_master_driver.sv(332) @ 3035000: uvm_test_top.env.master_agent.drv [ahb_master_driver] Beat[5/8] addr=0x0000f2fd trans=AHB_TRANS_SEQ resp=AHB_RESP_OKAY wdata=0x7fe49fe9
# UVM_INFO ../src/slv/ahb_slave_driver.sv(184) @ 3035000: uvm_test_top.env.slave_agent.drv [ahb_slave_driver] Beat AHB_WRITE addr=0x0000f2fd resp=AHB_RESP_OKAY waits=0 wdata=0x7fe49fe9
# UVM_INFO ../src/mst/ahb_master_monitor.sv(117) @ 3035000: uvm_test_top.env.master_agent.mon [ahb_master_monitor] Beat[5] addr=0x0000f2fd wdata=0x7fe49fe9 resp=AHB_RESP_OKAY
# UVM_INFO ../src/mst/ahb_master_driver.sv(332) @ 3065000: uvm_test_top.env.master_agent.drv [ahb_master_driver] Beat[6/8] addr=0x0000f2fe trans=AHB_TRANS_SEQ resp=AHB_RESP_OKAY wdata=0xcc31e60c
# UVM_INFO ../src/slv/ahb_slave_driver.sv(184) @ 3065000: uvm_test_top.env.slave_agent.drv [ahb_slave_driver] Beat AHB_WRITE addr=0x0000f2fe resp=AHB_RESP_OKAY waits=1 wdata=0xcc31e60c
# UVM_INFO ../src/mst/ahb_master_monitor.sv(117) @ 3065000: uvm_test_top.env.master_agent.mon [ahb_master_monitor] Beat[6] addr=0x0000f2fe wdata=0xcc31e60c resp=AHB_RESP_OKAY
# UVM_INFO ../src/mst/ahb_master_driver.sv(332) @ 3105000: uvm_test_top.env.master_agent.drv [ahb_master_driver] Beat[7/8] addr=0x0000f2ff trans=AHB_TRANS_SEQ resp=AHB_RESP_OKAY wdata=0xb90fd983
# UVM_INFO ../src/mst/ahb_master_driver.sv(376) @ 3105000: uvm_test_top.env.master_agent.drv [ahb_master_driver] Transaction complete: AHB_WRITE 0x0000f2f8, 8 beats, burst=AHB_BURST_INCR8
# UVM_INFO ../src/slv/ahb_slave_driver.sv(184) @ 3105000: uvm_test_top.env.slave_agent.drv [ahb_slave_driver] Beat AHB_WRITE addr=0x0000f2ff resp=AHB_RESP_OKAY waits=2 wdata=0xb90fd983
# UVM_INFO ../src/mst/ahb_master_monitor.sv(117) @ 3105000: uvm_test_top.env.master_agent.mon [ahb_master_monitor] Beat[7] addr=0x0000f2ff wdata=0xb90fd983 resp=AHB_RESP_OKAY
# UVM_INFO ../src/mst/ahb_master_monitor.sv(220) @ 3105000: uvm_test_top.env.master_agent.mon [ahb_master_monitor] Observed [AHB_WRITE]: HADDR=0x0000f2f8, HBURST=AHB_BURST_INCR8, HSIZE=AHB_SIZE_8B, 8 beats
# UVM_INFO ../src/env/ahb_coverage.sv(126) @ 3105000: uvm_test_top.env.master_cov [ahb_coverage] Sampled [AHB_WRITE]: burst=AHB_BURST_INCR8 size=AHB_SIZE_8B beats=8 error=0
# UVM_INFO ../src/slv/ahb_slave_monitor.sv(197) @ 3105000: uvm_test_top.env.slave_agent.mon [ahb_slave_monitor] Observed [AHB_WRITE]: HADDR=0x0000f2f8, HBURST=AHB_BURST_INCR8, HSIZE=AHB_SIZE_8B, 8 beats
# UVM_INFO ../src/env/ahb_scoreboard.sv(104) @ 3105000: uvm_test_top.env.scb [ahb_scoreboard] MATCH #23: [AHB_WRITE] HADDR=0x0000f2f8 AHB_BURST_INCR8 8 beats
# UVM_INFO ../src/env/ahb_coverage.sv(126) @ 3105000: uvm_test_top.env.slave_cov [ahb_coverage] Sampled [AHB_WRITE]: burst=AHB_BURST_INCR8 size=AHB_SIZE_8B beats=8 error=0
# UVM_INFO ../src/mst/ahb_master_driver.sv(85) @ 3115000: uvm_test_top.env.master_agent.drv [ahb_master_driver] Queueing [AHB_READ]: HADDR=0x0000f2f8, HBURST=AHB_BURST_INCR8, HSIZE=AHB_SIZE_8B, 8 beats
# UVM_INFO ../src/mst/ahb_master_driver.sv(127) @ 3115000: uvm_test_top.env.master_agent.drv [ahb_master_driver] Driving [AHB_READ]: HADDR=0x0000f2f8, HBURST=AHB_BURST_INCR8, HSIZE=AHB_SIZE_8B, 8 beats               
# UVM_INFO ../src/mst/ahb_master_driver.sv(332) @ 3145000: uvm_test_top.env.master_agent.drv [ahb_master_driver] Beat[0/8] addr=0x0000f2f8 trans=AHB_TRANS_NONSEQ resp=AHB_RESP_OKAY rdata=0xccbdeaa9
# UVM_INFO ../src/slv/ahb_slave_driver.sv(184) @ 3145000: uvm_test_top.env.slave_agent.drv [ahb_slave_driver] Beat AHB_READ addr=0x0000f2f8 resp=AHB_RESP_OKAY waits=0 rdata=0xccbdeaa9
# UVM_INFO ../src/mst/ahb_master_monitor.sv(117) @ 3145000: uvm_test_top.env.master_agent.mon [ahb_master_monitor] Beat[0] addr=0x0000f2f8 rdata=0xccbdeaa9 resp=AHB_RESP_OKAY
# UVM_INFO ../src/mst/ahb_master_driver.sv(332) @ 3165000: uvm_test_top.env.master_agent.drv [ahb_master_driver] Beat[1/8] addr=0x0000f2f9 trans=AHB_TRANS_SEQ resp=AHB_RESP_OKAY rdata=0x107f86de
# UVM_INFO ../src/slv/ahb_slave_driver.sv(184) @ 3165000: uvm_test_top.env.slave_agent.drv [ahb_slave_driver] Beat AHB_READ addr=0x0000f2f9 resp=AHB_RESP_OKAY waits=1 rdata=0x107f86de
# UVM_INFO ../src/mst/ahb_master_monitor.sv(117) @ 3165000: uvm_test_top.env.master_agent.mon [ahb_master_monitor] Beat[1] addr=0x0000f2f9 rdata=0x107f86de resp=AHB_RESP_OKAY
# UVM_INFO ../src/mst/ahb_master_driver.sv(332) @ 3175000: uvm_test_top.env.master_agent.drv [ahb_master_driver] Beat[2/8] addr=0x0000f2fa trans=AHB_TRANS_SEQ resp=AHB_RESP_OKAY rdata=0x40dfceef
# UVM_INFO ../src/slv/ahb_slave_driver.sv(184) @ 3175000: uvm_test_top.env.slave_agent.drv [ahb_slave_driver] Beat AHB_READ addr=0x0000f2fa resp=AHB_RESP_OKAY waits=0 rdata=0x40dfceef
# UVM_INFO ../src/mst/ahb_master_monitor.sv(117) @ 3175000: uvm_test_top.env.master_agent.mon [ahb_master_monitor] Beat[2] addr=0x0000f2fa rdata=0x40dfceef resp=AHB_RESP_OKAY
# UVM_INFO ../src/mst/ahb_master_driver.sv(332) @ 3185000: uvm_test_top.env.master_agent.drv [ahb_master_driver] Beat[3/8] addr=0x0000f2fb trans=AHB_TRANS_SEQ resp=AHB_RESP_OKAY rdata=0x3cb150fb
# UVM_INFO ../src/slv/ahb_slave_driver.sv(184) @ 3185000: uvm_test_top.env.slave_agent.drv [ahb_slave_driver] Beat AHB_READ addr=0x0000f2fb resp=AHB_RESP_OKAY waits=0 rdata=0x3cb150fb
# UVM_INFO ../src/mst/ahb_master_monitor.sv(117) @ 3185000: uvm_test_top.env.master_agent.mon [ahb_master_monitor] Beat[3] addr=0x0000f2fb rdata=0x3cb150fb resp=AHB_RESP_OKAY
# UVM_INFO ../src/mst/ahb_master_driver.sv(332) @ 3205000: uvm_test_top.env.master_agent.drv [ahb_master_driver] Beat[4/8] addr=0x0000f2fc trans=AHB_TRANS_SEQ resp=AHB_RESP_OKAY rdata=0x2ca9793b
# UVM_INFO ../src/slv/ahb_slave_driver.sv(184) @ 3205000: uvm_test_top.env.slave_agent.drv [ahb_slave_driver] Beat AHB_READ addr=0x0000f2fc resp=AHB_RESP_OKAY waits=1 rdata=0x2ca9793b
# UVM_INFO ../src/mst/ahb_master_monitor.sv(117) @ 3205000: uvm_test_top.env.master_agent.mon [ahb_master_monitor] Beat[4] addr=0x0000f2fc rdata=0x2ca9793b resp=AHB_RESP_OKAY
# UVM_INFO ../src/mst/ahb_master_driver.sv(332) @ 3225000: uvm_test_top.env.master_agent.drv [ahb_master_driver] Beat[5/8] addr=0x0000f2fd trans=AHB_TRANS_SEQ resp=AHB_RESP_OKAY rdata=0x7fe49fe9
# UVM_INFO ../src/slv/ahb_slave_driver.sv(184) @ 3225000: uvm_test_top.env.slave_agent.drv [ahb_slave_driver] Beat AHB_READ addr=0x0000f2fd resp=AHB_RESP_OKAY waits=1 rdata=0x7fe49fe9
# UVM_INFO ../src/mst/ahb_master_monitor.sv(117) @ 3225000: uvm_test_top.env.master_agent.mon [ahb_master_monitor] Beat[5] addr=0x0000f2fd rdata=0x7fe49fe9 resp=AHB_RESP_OKAY
# UVM_INFO ../src/mst/ahb_master_driver.sv(332) @ 3235000: uvm_test_top.env.master_agent.drv [ahb_master_driver] Beat[6/8] addr=0x0000f2fe trans=AHB_TRANS_SEQ resp=AHB_RESP_OKAY rdata=0xcc31e60c
# UVM_INFO ../src/slv/ahb_slave_driver.sv(184) @ 3235000: uvm_test_top.env.slave_agent.drv [ahb_slave_driver] Beat AHB_READ addr=0x0000f2fe resp=AHB_RESP_OKAY waits=0 rdata=0xcc31e60c
# UVM_INFO ../src/mst/ahb_master_monitor.sv(117) @ 3235000: uvm_test_top.env.master_agent.mon [ahb_master_monitor] Beat[6] addr=0x0000f2fe rdata=0xcc31e60c resp=AHB_RESP_OKAY
# UVM_INFO ../src/mst/ahb_master_driver.sv(332) @ 3265000: uvm_test_top.env.master_agent.drv [ahb_master_driver] Beat[7/8] addr=0x0000f2ff trans=AHB_TRANS_SEQ resp=AHB_RESP_OKAY rdata=0xb90fd983
# UVM_INFO ../src/mst/ahb_master_driver.sv(376) @ 3265000: uvm_test_top.env.master_agent.drv [ahb_master_driver] Transaction complete: AHB_READ 0x0000f2f8, 8 beats, burst=AHB_BURST_INCR8
# UVM_INFO ../src/slv/ahb_slave_driver.sv(184) @ 3265000: uvm_test_top.env.slave_agent.drv [ahb_slave_driver] Beat AHB_READ addr=0x0000f2ff resp=AHB_RESP_OKAY waits=2 rdata=0xb90fd983
# UVM_INFO ../src/mst/ahb_master_monitor.sv(117) @ 3265000: uvm_test_top.env.master_agent.mon [ahb_master_monitor] Beat[7] addr=0x0000f2ff rdata=0xb90fd983 resp=AHB_RESP_OKAY
# UVM_INFO ../src/mst/ahb_master_monitor.sv(220) @ 3265000: uvm_test_top.env.master_agent.mon [ahb_master_monitor] Observed [AHB_READ]: HADDR=0x0000f2f8, HBURST=AHB_BURST_INCR8, HSIZE=AHB_SIZE_8B, 8 beats
# UVM_INFO ../src/env/ahb_coverage.sv(126) @ 3265000: uvm_test_top.env.master_cov [ahb_coverage] Sampled [AHB_READ]: burst=AHB_BURST_INCR8 size=AHB_SIZE_8B beats=8 error=0
# UVM_INFO ../src/slv/ahb_slave_monitor.sv(197) @ 3265000: uvm_test_top.env.slave_agent.mon [ahb_slave_monitor] Observed [AHB_READ]: HADDR=0x0000f2f8, HBURST=AHB_BURST_INCR8, HSIZE=AHB_SIZE_8B, 8 beats
# UVM_INFO ../src/env/ahb_scoreboard.sv(104) @ 3265000: uvm_test_top.env.scb [ahb_scoreboard] MATCH #24: [AHB_READ] HADDR=0x0000f2f8 AHB_BURST_INCR8 8 beats
# UVM_INFO ../src/env/ahb_coverage.sv(126) @ 3265000: uvm_test_top.env.slave_cov [ahb_coverage] Sampled [AHB_READ]: burst=AHB_BURST_INCR8 size=AHB_SIZE_8B beats=8 error=0
# UVM_INFO ../src/mst_seq/ahb_idle_seq.sv(273) @ 3265000: uvm_test_top.env.master_agent.sqr@@seq [ahb_idle_seq] [busy] AHB_BURST_INCR8 AHB_SIZE_8B @0x0000f2f8, 8 beats
# UVM_INFO ../src/mst_seq/ahb_base_seq.sv(157) @ 3265000: uvm_test_top.env.master_agent.sqr@@seq [ahb_idle_seq] AHB_BURST_INCR8 AHB_SIZE_8B beat 0 @0x0000f2f8 ok
# UVM_INFO ../src/mst_seq/ahb_base_seq.sv(157) @ 3265000: uvm_test_top.env.master_agent.sqr@@seq [ahb_idle_seq] AHB_BURST_INCR8 AHB_SIZE_8B beat 1 @0x0000f2f9 ok
# UVM_INFO ../src/mst_seq/ahb_base_seq.sv(157) @ 3265000: uvm_test_top.env.master_agent.sqr@@seq [ahb_idle_seq] AHB_BURST_INCR8 AHB_SIZE_8B beat 2 @0x0000f2fa ok
# UVM_INFO ../src/mst_seq/ahb_base_seq.sv(157) @ 3265000: uvm_test_top.env.master_agent.sqr@@seq [ahb_idle_seq] AHB_BURST_INCR8 AHB_SIZE_8B beat 3 @0x0000f2fb ok
# UVM_INFO ../src/mst_seq/ahb_base_seq.sv(157) @ 3265000: uvm_test_top.env.master_agent.sqr@@seq [ahb_idle_seq] AHB_BURST_INCR8 AHB_SIZE_8B beat 4 @0x0000f2fc ok
# UVM_INFO ../src/mst_seq/ahb_base_seq.sv(157) @ 3265000: uvm_test_top.env.master_agent.sqr@@seq [ahb_idle_seq] AHB_BURST_INCR8 AHB_SIZE_8B beat 5 @0x0000f2fd ok
# UVM_INFO ../src/mst_seq/ahb_base_seq.sv(157) @ 3265000: uvm_test_top.env.master_agent.sqr@@seq [ahb_idle_seq] AHB_BURST_INCR8 AHB_SIZE_8B beat 6 @0x0000f2fe ok
# UVM_INFO ../src/mst_seq/ahb_base_seq.sv(157) @ 3265000: uvm_test_top.env.master_agent.sqr@@seq [ahb_idle_seq] AHB_BURST_INCR8 AHB_SIZE_8B beat 7 @0x0000f2ff ok
# UVM_INFO ../src/mst/ahb_master_driver.sv(85) @ 3295000: uvm_test_top.env.master_agent.drv [ahb_master_driver] Queueing [AHB_WRITE]: HADDR=0x0000f312, HBURST=AHB_BURST_INCR8, HSIZE=AHB_SIZE_8B, 8 beats
# UVM_INFO ../src/mst/ahb_master_driver.sv(127) @ 3295000: uvm_test_top.env.master_agent.drv [ahb_master_driver] Driving [AHB_WRITE]: HADDR=0x0000f312, HBURST=AHB_BURST_INCR8, HSIZE=AHB_SIZE_8B, 8 beats               
# UVM_INFO ../src/mst/ahb_master_driver.sv(332) @ 3325000: uvm_test_top.env.master_agent.drv [ahb_master_driver] Beat[0/8] addr=0x0000f312 trans=AHB_TRANS_NONSEQ resp=AHB_RESP_OKAY wdata=0xe53358e2
# UVM_INFO ../src/slv/ahb_slave_driver.sv(184) @ 3325000: uvm_test_top.env.slave_agent.drv [ahb_slave_driver] Beat AHB_WRITE addr=0x0000f312 resp=AHB_RESP_OKAY waits=0 wdata=0xe53358e2
# UVM_INFO ../src/mst/ahb_master_monitor.sv(117) @ 3325000: uvm_test_top.env.master_agent.mon [ahb_master_monitor] Beat[0] addr=0x0000f312 wdata=0xe53358e2 resp=AHB_RESP_OKAY
# UVM_INFO ../src/mst/ahb_master_driver.sv(332) @ 3355000: uvm_test_top.env.master_agent.drv [ahb_master_driver] Beat[1/8] addr=0x0000f313 trans=AHB_TRANS_SEQ resp=AHB_RESP_OKAY wdata=0x44dd3921
# UVM_INFO ../src/slv/ahb_slave_driver.sv(184) @ 3355000: uvm_test_top.env.slave_agent.drv [ahb_slave_driver] Beat AHB_WRITE addr=0x0000f313 resp=AHB_RESP_OKAY waits=0 wdata=0x44dd3921
# UVM_INFO ../src/mst/ahb_master_monitor.sv(117) @ 3355000: uvm_test_top.env.master_agent.mon [ahb_master_monitor] Beat[1] addr=0x0000f313 wdata=0x44dd3921 resp=AHB_RESP_OKAY
# UVM_INFO ../src/mst/ahb_master_driver.sv(332) @ 3385000: uvm_test_top.env.master_agent.drv [ahb_master_driver] Beat[2/8] addr=0x0000f314 trans=AHB_TRANS_SEQ resp=AHB_RESP_OKAY wdata=0xe095dbaa
# UVM_INFO ../src/slv/ahb_slave_driver.sv(184) @ 3385000: uvm_test_top.env.slave_agent.drv [ahb_slave_driver] Beat AHB_WRITE addr=0x0000f314 resp=AHB_RESP_OKAY waits=1 wdata=0xe095dbaa
# UVM_INFO ../src/mst/ahb_master_monitor.sv(117) @ 3385000: uvm_test_top.env.master_agent.mon [ahb_master_monitor] Beat[2] addr=0x0000f314 wdata=0xe095dbaa resp=AHB_RESP_OKAY
# UVM_INFO ../src/mst/ahb_master_driver.sv(332) @ 3425000: uvm_test_top.env.master_agent.drv [ahb_master_driver] Beat[3/8] addr=0x0000f315 trans=AHB_TRANS_SEQ resp=AHB_RESP_OKAY wdata=0x54e934fd
# UVM_INFO ../src/slv/ahb_slave_driver.sv(184) @ 3425000: uvm_test_top.env.slave_agent.drv [ahb_slave_driver] Beat AHB_WRITE addr=0x0000f315 resp=AHB_RESP_OKAY waits=2 wdata=0x54e934fd
# UVM_INFO ../src/mst/ahb_master_monitor.sv(117) @ 3425000: uvm_test_top.env.master_agent.mon [ahb_master_monitor] Beat[3] addr=0x0000f315 wdata=0x54e934fd resp=AHB_RESP_OKAY
# UVM_INFO ../src/mst/ahb_master_driver.sv(332) @ 3445000: uvm_test_top.env.master_agent.drv [ahb_master_driver] Beat[4/8] addr=0x0000f316 trans=AHB_TRANS_SEQ resp=AHB_RESP_OKAY wdata=0xa7264e81
# UVM_INFO ../src/slv/ahb_slave_driver.sv(184) @ 3445000: uvm_test_top.env.slave_agent.drv [ahb_slave_driver] Beat AHB_WRITE addr=0x0000f316 resp=AHB_RESP_OKAY waits=0 wdata=0xa7264e81
# UVM_INFO ../src/mst/ahb_master_monitor.sv(117) @ 3445000: uvm_test_top.env.master_agent.mon [ahb_master_monitor] Beat[4] addr=0x0000f316 wdata=0xa7264e81 resp=AHB_RESP_OKAY
# UVM_INFO ../src/mst/ahb_master_driver.sv(332) @ 3485000: uvm_test_top.env.master_agent.drv [ahb_master_driver] Beat[5/8] addr=0x0000f317 trans=AHB_TRANS_SEQ resp=AHB_RESP_OKAY wdata=0x6ddc3d60
# UVM_INFO ../src/slv/ahb_slave_driver.sv(184) @ 3485000: uvm_test_top.env.slave_agent.drv [ahb_slave_driver] Beat AHB_WRITE addr=0x0000f317 resp=AHB_RESP_OKAY waits=2 wdata=0x6ddc3d60
# UVM_INFO ../src/mst/ahb_master_monitor.sv(117) @ 3485000: uvm_test_top.env.master_agent.mon [ahb_master_monitor] Beat[5] addr=0x0000f317 wdata=0x6ddc3d60 resp=AHB_RESP_OKAY
# UVM_INFO ../src/mst/ahb_master_driver.sv(332) @ 3505000: uvm_test_top.env.master_agent.drv [ahb_master_driver] Beat[6/8] addr=0x0000f318 trans=AHB_TRANS_SEQ resp=AHB_RESP_OKAY wdata=0x01016b89
# UVM_INFO ../src/slv/ahb_slave_driver.sv(184) @ 3505000: uvm_test_top.env.slave_agent.drv [ahb_slave_driver] Beat AHB_WRITE addr=0x0000f318 resp=AHB_RESP_OKAY waits=0 wdata=0x01016b89
# UVM_INFO ../src/mst/ahb_master_monitor.sv(117) @ 3505000: uvm_test_top.env.master_agent.mon [ahb_master_monitor] Beat[6] addr=0x0000f318 wdata=0x01016b89 resp=AHB_RESP_OKAY
# UVM_INFO ../src/mst/ahb_master_driver.sv(332) @ 3525000: uvm_test_top.env.master_agent.drv [ahb_master_driver] Beat[7/8] addr=0x0000f319 trans=AHB_TRANS_SEQ resp=AHB_RESP_OKAY wdata=0xe0dae608
# UVM_INFO ../src/mst/ahb_master_driver.sv(376) @ 3525000: uvm_test_top.env.master_agent.drv [ahb_master_driver] Transaction complete: AHB_WRITE 0x0000f312, 8 beats, burst=AHB_BURST_INCR8
# UVM_INFO ../src/slv/ahb_slave_driver.sv(184) @ 3525000: uvm_test_top.env.slave_agent.drv [ahb_slave_driver] Beat AHB_WRITE addr=0x0000f319 resp=AHB_RESP_OKAY waits=0 wdata=0xe0dae608
# UVM_INFO ../src/mst/ahb_master_monitor.sv(117) @ 3525000: uvm_test_top.env.master_agent.mon [ahb_master_monitor] Beat[7] addr=0x0000f319 wdata=0xe0dae608 resp=AHB_RESP_OKAY
# UVM_INFO ../src/mst/ahb_master_monitor.sv(220) @ 3525000: uvm_test_top.env.master_agent.mon [ahb_master_monitor] Observed [AHB_WRITE]: HADDR=0x0000f312, HBURST=AHB_BURST_INCR8, HSIZE=AHB_SIZE_8B, 8 beats
# UVM_INFO ../src/env/ahb_coverage.sv(126) @ 3525000: uvm_test_top.env.master_cov [ahb_coverage] Sampled [AHB_WRITE]: burst=AHB_BURST_INCR8 size=AHB_SIZE_8B beats=8 error=0
# UVM_INFO ../src/slv/ahb_slave_monitor.sv(197) @ 3525000: uvm_test_top.env.slave_agent.mon [ahb_slave_monitor] Observed [AHB_WRITE]: HADDR=0x0000f312, HBURST=AHB_BURST_INCR8, HSIZE=AHB_SIZE_8B, 8 beats
# UVM_INFO ../src/env/ahb_scoreboard.sv(104) @ 3525000: uvm_test_top.env.scb [ahb_scoreboard] MATCH #25: [AHB_WRITE] HADDR=0x0000f312 AHB_BURST_INCR8 8 beats
# UVM_INFO ../src/env/ahb_coverage.sv(126) @ 3525000: uvm_test_top.env.slave_cov [ahb_coverage] Sampled [AHB_WRITE]: burst=AHB_BURST_INCR8 size=AHB_SIZE_8B beats=8 error=0
# UVM_INFO ../src/mst/ahb_master_driver.sv(85) @ 3545000: uvm_test_top.env.master_agent.drv [ahb_master_driver] Queueing [AHB_READ]: HADDR=0x0000f312, HBURST=AHB_BURST_INCR8, HSIZE=AHB_SIZE_8B, 8 beats
# UVM_INFO ../src/mst/ahb_master_driver.sv(127) @ 3545000: uvm_test_top.env.master_agent.drv [ahb_master_driver] Driving [AHB_READ]: HADDR=0x0000f312, HBURST=AHB_BURST_INCR8, HSIZE=AHB_SIZE_8B, 8 beats               
# UVM_INFO ../src/mst/ahb_master_driver.sv(332) @ 3585000: uvm_test_top.env.master_agent.drv [ahb_master_driver] Beat[0/8] addr=0x0000f312 trans=AHB_TRANS_NONSEQ resp=AHB_RESP_OKAY rdata=0xe53358e2
# UVM_INFO ../src/slv/ahb_slave_driver.sv(184) @ 3585000: uvm_test_top.env.slave_agent.drv [ahb_slave_driver] Beat AHB_READ addr=0x0000f312 resp=AHB_RESP_OKAY waits=1 rdata=0xe53358e2
# UVM_INFO ../src/mst/ahb_master_monitor.sv(117) @ 3585000: uvm_test_top.env.master_agent.mon [ahb_master_monitor] Beat[0] addr=0x0000f312 rdata=0xe53358e2 resp=AHB_RESP_OKAY
# UVM_INFO ../src/mst/ahb_master_driver.sv(332) @ 3595000: uvm_test_top.env.master_agent.drv [ahb_master_driver] Beat[1/8] addr=0x0000f313 trans=AHB_TRANS_SEQ resp=AHB_RESP_OKAY rdata=0x44dd3921
# UVM_INFO ../src/slv/ahb_slave_driver.sv(184) @ 3595000: uvm_test_top.env.slave_agent.drv [ahb_slave_driver] Beat AHB_READ addr=0x0000f313 resp=AHB_RESP_OKAY waits=0 rdata=0x44dd3921
# UVM_INFO ../src/mst/ahb_master_monitor.sv(117) @ 3595000: uvm_test_top.env.master_agent.mon [ahb_master_monitor] Beat[1] addr=0x0000f313 rdata=0x44dd3921 resp=AHB_RESP_OKAY
# UVM_INFO ../src/mst/ahb_master_driver.sv(332) @ 3615000: uvm_test_top.env.master_agent.drv [ahb_master_driver] Beat[2/8] addr=0x0000f314 trans=AHB_TRANS_SEQ resp=AHB_RESP_OKAY rdata=0xe095dbaa
# UVM_INFO ../src/slv/ahb_slave_driver.sv(184) @ 3615000: uvm_test_top.env.slave_agent.drv [ahb_slave_driver] Beat AHB_READ addr=0x0000f314 resp=AHB_RESP_OKAY waits=1 rdata=0xe095dbaa
# UVM_INFO ../src/mst/ahb_master_monitor.sv(117) @ 3615000: uvm_test_top.env.master_agent.mon [ahb_master_monitor] Beat[2] addr=0x0000f314 rdata=0xe095dbaa resp=AHB_RESP_OKAY
# UVM_INFO ../src/mst/ahb_master_driver.sv(332) @ 3625000: uvm_test_top.env.master_agent.drv [ahb_master_driver] Beat[3/8] addr=0x0000f315 trans=AHB_TRANS_SEQ resp=AHB_RESP_OKAY rdata=0x54e934fd
# UVM_INFO ../src/slv/ahb_slave_driver.sv(184) @ 3625000: uvm_test_top.env.slave_agent.drv [ahb_slave_driver] Beat AHB_READ addr=0x0000f315 resp=AHB_RESP_OKAY waits=0 rdata=0x54e934fd
# UVM_INFO ../src/mst/ahb_master_monitor.sv(117) @ 3625000: uvm_test_top.env.master_agent.mon [ahb_master_monitor] Beat[3] addr=0x0000f315 rdata=0x54e934fd resp=AHB_RESP_OKAY
# UVM_INFO ../src/mst/ahb_master_driver.sv(332) @ 3655000: uvm_test_top.env.master_agent.drv [ahb_master_driver] Beat[4/8] addr=0x0000f316 trans=AHB_TRANS_SEQ resp=AHB_RESP_OKAY rdata=0xa7264e81
# UVM_INFO ../src/slv/ahb_slave_driver.sv(184) @ 3655000: uvm_test_top.env.slave_agent.drv [ahb_slave_driver] Beat AHB_READ addr=0x0000f316 resp=AHB_RESP_OKAY waits=2 rdata=0xa7264e81
# UVM_INFO ../src/mst/ahb_master_monitor.sv(117) @ 3655000: uvm_test_top.env.master_agent.mon [ahb_master_monitor] Beat[4] addr=0x0000f316 rdata=0xa7264e81 resp=AHB_RESP_OKAY
# UVM_INFO ../src/mst/ahb_master_driver.sv(332) @ 3685000: uvm_test_top.env.master_agent.drv [ahb_master_driver] Beat[5/8] addr=0x0000f317 trans=AHB_TRANS_SEQ resp=AHB_RESP_OKAY rdata=0x6ddc3d60
# UVM_INFO ../src/slv/ahb_slave_driver.sv(184) @ 3685000: uvm_test_top.env.slave_agent.drv [ahb_slave_driver] Beat AHB_READ addr=0x0000f317 resp=AHB_RESP_OKAY waits=2 rdata=0x6ddc3d60
# UVM_INFO ../src/mst/ahb_master_monitor.sv(117) @ 3685000: uvm_test_top.env.master_agent.mon [ahb_master_monitor] Beat[5] addr=0x0000f317 rdata=0x6ddc3d60 resp=AHB_RESP_OKAY
# UVM_INFO ../src/mst/ahb_master_driver.sv(332) @ 3705000: uvm_test_top.env.master_agent.drv [ahb_master_driver] Beat[6/8] addr=0x0000f318 trans=AHB_TRANS_SEQ resp=AHB_RESP_OKAY rdata=0x01016b89
# UVM_INFO ../src/slv/ahb_slave_driver.sv(184) @ 3705000: uvm_test_top.env.slave_agent.drv [ahb_slave_driver] Beat AHB_READ addr=0x0000f318 resp=AHB_RESP_OKAY waits=1 rdata=0x01016b89
# UVM_INFO ../src/mst/ahb_master_monitor.sv(117) @ 3705000: uvm_test_top.env.master_agent.mon [ahb_master_monitor] Beat[6] addr=0x0000f318 rdata=0x01016b89 resp=AHB_RESP_OKAY
# UVM_INFO ../src/mst/ahb_master_driver.sv(332) @ 3725000: uvm_test_top.env.master_agent.drv [ahb_master_driver] Beat[7/8] addr=0x0000f319 trans=AHB_TRANS_SEQ resp=AHB_RESP_OKAY rdata=0xe0dae608
# UVM_INFO ../src/mst/ahb_master_driver.sv(376) @ 3725000: uvm_test_top.env.master_agent.drv [ahb_master_driver] Transaction complete: AHB_READ 0x0000f312, 8 beats, burst=AHB_BURST_INCR8
# UVM_INFO ../src/slv/ahb_slave_driver.sv(184) @ 3725000: uvm_test_top.env.slave_agent.drv [ahb_slave_driver] Beat AHB_READ addr=0x0000f319 resp=AHB_RESP_OKAY waits=1 rdata=0xe0dae608
# UVM_INFO ../src/mst/ahb_master_monitor.sv(117) @ 3725000: uvm_test_top.env.master_agent.mon [ahb_master_monitor] Beat[7] addr=0x0000f319 rdata=0xe0dae608 resp=AHB_RESP_OKAY
# UVM_INFO ../src/mst/ahb_master_monitor.sv(220) @ 3725000: uvm_test_top.env.master_agent.mon [ahb_master_monitor] Observed [AHB_READ]: HADDR=0x0000f312, HBURST=AHB_BURST_INCR8, HSIZE=AHB_SIZE_8B, 8 beats
# UVM_INFO ../src/env/ahb_coverage.sv(126) @ 3725000: uvm_test_top.env.master_cov [ahb_coverage] Sampled [AHB_READ]: burst=AHB_BURST_INCR8 size=AHB_SIZE_8B beats=8 error=0
# UVM_INFO ../src/slv/ahb_slave_monitor.sv(197) @ 3725000: uvm_test_top.env.slave_agent.mon [ahb_slave_monitor] Observed [AHB_READ]: HADDR=0x0000f312, HBURST=AHB_BURST_INCR8, HSIZE=AHB_SIZE_8B, 8 beats
# UVM_INFO ../src/env/ahb_scoreboard.sv(104) @ 3725000: uvm_test_top.env.scb [ahb_scoreboard] MATCH #26: [AHB_READ] HADDR=0x0000f312 AHB_BURST_INCR8 8 beats
# UVM_INFO ../src/env/ahb_coverage.sv(126) @ 3725000: uvm_test_top.env.slave_cov [ahb_coverage] Sampled [AHB_READ]: burst=AHB_BURST_INCR8 size=AHB_SIZE_8B beats=8 error=0
# UVM_INFO ../src/mst_seq/ahb_idle_seq.sv(273) @ 3725000: uvm_test_top.env.master_agent.sqr@@seq [ahb_idle_seq] [busy] AHB_BURST_INCR8 AHB_SIZE_8B @0x0000f312, 8 beats
# UVM_INFO ../src/mst_seq/ahb_base_seq.sv(157) @ 3725000: uvm_test_top.env.master_agent.sqr@@seq [ahb_idle_seq] AHB_BURST_INCR8 AHB_SIZE_8B beat 0 @0x0000f312 ok
# UVM_INFO ../src/mst_seq/ahb_base_seq.sv(157) @ 3725000: uvm_test_top.env.master_agent.sqr@@seq [ahb_idle_seq] AHB_BURST_INCR8 AHB_SIZE_8B beat 1 @0x0000f313 ok
# UVM_INFO ../src/mst_seq/ahb_base_seq.sv(157) @ 3725000: uvm_test_top.env.master_agent.sqr@@seq [ahb_idle_seq] AHB_BURST_INCR8 AHB_SIZE_8B beat 2 @0x0000f314 ok
# UVM_INFO ../src/mst_seq/ahb_base_seq.sv(157) @ 3725000: uvm_test_top.env.master_agent.sqr@@seq [ahb_idle_seq] AHB_BURST_INCR8 AHB_SIZE_8B beat 3 @0x0000f315 ok
# UVM_INFO ../src/mst_seq/ahb_base_seq.sv(157) @ 3725000: uvm_test_top.env.master_agent.sqr@@seq [ahb_idle_seq] AHB_BURST_INCR8 AHB_SIZE_8B beat 4 @0x0000f316 ok
# UVM_INFO ../src/mst_seq/ahb_base_seq.sv(157) @ 3725000: uvm_test_top.env.master_agent.sqr@@seq [ahb_idle_seq] AHB_BURST_INCR8 AHB_SIZE_8B beat 5 @0x0000f317 ok
# UVM_INFO ../src/mst_seq/ahb_base_seq.sv(157) @ 3725000: uvm_test_top.env.master_agent.sqr@@seq [ahb_idle_seq] AHB_BURST_INCR8 AHB_SIZE_8B beat 6 @0x0000f318 ok
# UVM_INFO ../src/mst_seq/ahb_base_seq.sv(157) @ 3725000: uvm_test_top.env.master_agent.sqr@@seq [ahb_idle_seq] AHB_BURST_INCR8 AHB_SIZE_8B beat 7 @0x0000f319 ok
# UVM_INFO ../src/mst/ahb_master_driver.sv(85) @ 3735000: uvm_test_top.env.master_agent.drv [ahb_master_driver] Queueing [AHB_WRITE]: HADDR=0x0000f35b, HBURST=AHB_BURST_INCR, HSIZE=AHB_SIZE_8B, 8 beats
# UVM_INFO ../src/mst/ahb_master_driver.sv(127) @ 3735000: uvm_test_top.env.master_agent.drv [ahb_master_driver] Driving [AHB_WRITE]: HADDR=0x0000f35b, HBURST=AHB_BURST_INCR, HSIZE=AHB_SIZE_8B, 8 beats               
# UVM_INFO ../src/mst/ahb_master_driver.sv(332) @ 3785000: uvm_test_top.env.master_agent.drv [ahb_master_driver] Beat[0/8] addr=0x0000f35b trans=AHB_TRANS_NONSEQ resp=AHB_RESP_OKAY wdata=0x90139044
# UVM_INFO ../src/slv/ahb_slave_driver.sv(184) @ 3785000: uvm_test_top.env.slave_agent.drv [ahb_slave_driver] Beat AHB_WRITE addr=0x0000f35b resp=AHB_RESP_OKAY waits=2 wdata=0x90139044
# UVM_INFO ../src/mst/ahb_master_monitor.sv(117) @ 3785000: uvm_test_top.env.master_agent.mon [ahb_master_monitor] Beat[0] addr=0x0000f35b wdata=0x90139044 resp=AHB_RESP_OKAY
# UVM_INFO ../src/mst/ahb_master_driver.sv(332) @ 3805000: uvm_test_top.env.master_agent.drv [ahb_master_driver] Beat[1/8] addr=0x0000f35c trans=AHB_TRANS_SEQ resp=AHB_RESP_OKAY wdata=0x553511b0
# UVM_INFO ../src/slv/ahb_slave_driver.sv(184) @ 3805000: uvm_test_top.env.slave_agent.drv [ahb_slave_driver] Beat AHB_WRITE addr=0x0000f35c resp=AHB_RESP_OKAY waits=0 wdata=0x553511b0
# UVM_INFO ../src/mst/ahb_master_monitor.sv(117) @ 3805000: uvm_test_top.env.master_agent.mon [ahb_master_monitor] Beat[1] addr=0x0000f35c wdata=0x553511b0 resp=AHB_RESP_OKAY
# UVM_INFO ../src/mst/ahb_master_driver.sv(332) @ 3825000: uvm_test_top.env.master_agent.drv [ahb_master_driver] Beat[2/8] addr=0x0000f35d trans=AHB_TRANS_SEQ resp=AHB_RESP_OKAY wdata=0xbef3552a
# UVM_INFO ../src/slv/ahb_slave_driver.sv(184) @ 3825000: uvm_test_top.env.slave_agent.drv [ahb_slave_driver] Beat AHB_WRITE addr=0x0000f35d resp=AHB_RESP_OKAY waits=0 wdata=0xbef3552a
# UVM_INFO ../src/mst/ahb_master_monitor.sv(117) @ 3825000: uvm_test_top.env.master_agent.mon [ahb_master_monitor] Beat[2] addr=0x0000f35d wdata=0xbef3552a resp=AHB_RESP_OKAY
# UVM_INFO ../src/mst/ahb_master_driver.sv(332) @ 3845000: uvm_test_top.env.master_agent.drv [ahb_master_driver] Beat[3/8] addr=0x0000f35e trans=AHB_TRANS_SEQ resp=AHB_RESP_OKAY wdata=0x4dc3d065
# UVM_INFO ../src/slv/ahb_slave_driver.sv(184) @ 3845000: uvm_test_top.env.slave_agent.drv [ahb_slave_driver] Beat AHB_WRITE addr=0x0000f35e resp=AHB_RESP_OKAY waits=0 wdata=0x4dc3d065
# UVM_INFO ../src/mst/ahb_master_monitor.sv(117) @ 3845000: uvm_test_top.env.master_agent.mon [ahb_master_monitor] Beat[3] addr=0x0000f35e wdata=0x4dc3d065 resp=AHB_RESP_OKAY
# UVM_INFO ../src/mst/ahb_master_driver.sv(332) @ 3885000: uvm_test_top.env.master_agent.drv [ahb_master_driver] Beat[4/8] addr=0x0000f35f trans=AHB_TRANS_SEQ resp=AHB_RESP_OKAY wdata=0x76fb186f
# UVM_INFO ../src/slv/ahb_slave_driver.sv(184) @ 3885000: uvm_test_top.env.slave_agent.drv [ahb_slave_driver] Beat AHB_WRITE addr=0x0000f35f resp=AHB_RESP_OKAY waits=2 wdata=0x76fb186f
# UVM_INFO ../src/mst/ahb_master_monitor.sv(117) @ 3885000: uvm_test_top.env.master_agent.mon [ahb_master_monitor] Beat[4] addr=0x0000f35f wdata=0x76fb186f resp=AHB_RESP_OKAY
# UVM_INFO ../src/mst/ahb_master_driver.sv(332) @ 3925000: uvm_test_top.env.master_agent.drv [ahb_master_driver] Beat[5/8] addr=0x0000f360 trans=AHB_TRANS_SEQ resp=AHB_RESP_OKAY wdata=0x71b17e74
# UVM_INFO ../src/slv/ahb_slave_driver.sv(184) @ 3925000: uvm_test_top.env.slave_agent.drv [ahb_slave_driver] Beat AHB_WRITE addr=0x0000f360 resp=AHB_RESP_OKAY waits=2 wdata=0x71b17e74
# UVM_INFO ../src/mst/ahb_master_monitor.sv(117) @ 3925000: uvm_test_top.env.master_agent.mon [ahb_master_monitor] Beat[5] addr=0x0000f360 wdata=0x71b17e74 resp=AHB_RESP_OKAY
# UVM_INFO ../src/mst/ahb_master_driver.sv(332) @ 3975000: uvm_test_top.env.master_agent.drv [ahb_master_driver] Beat[6/8] addr=0x0000f361 trans=AHB_TRANS_SEQ resp=AHB_RESP_OKAY wdata=0x1127ea46
# UVM_INFO ../src/slv/ahb_slave_driver.sv(184) @ 3975000: uvm_test_top.env.slave_agent.drv [ahb_slave_driver] Beat AHB_WRITE addr=0x0000f361 resp=AHB_RESP_OKAY waits=2 wdata=0x1127ea46
# UVM_INFO ../src/mst/ahb_master_monitor.sv(117) @ 3975000: uvm_test_top.env.master_agent.mon [ahb_master_monitor] Beat[6] addr=0x0000f361 wdata=0x1127ea46 resp=AHB_RESP_OKAY
# UVM_INFO ../src/mst/ahb_master_driver.sv(332) @ 4025000: uvm_test_top.env.master_agent.drv [ahb_master_driver] Beat[7/8] addr=0x0000f362 trans=AHB_TRANS_SEQ resp=AHB_RESP_OKAY wdata=0x4ee9f9c6
# UVM_INFO ../src/mst/ahb_master_driver.sv(376) @ 4025000: uvm_test_top.env.master_agent.drv [ahb_master_driver] Transaction complete: AHB_WRITE 0x0000f35b, 8 beats, burst=AHB_BURST_INCR
# UVM_INFO ../src/slv/ahb_slave_driver.sv(184) @ 4025000: uvm_test_top.env.slave_agent.drv [ahb_slave_driver] Beat AHB_WRITE addr=0x0000f362 resp=AHB_RESP_OKAY waits=2 wdata=0x4ee9f9c6
# UVM_INFO ../src/mst/ahb_master_monitor.sv(117) @ 4025000: uvm_test_top.env.master_agent.mon [ahb_master_monitor] Beat[7] addr=0x0000f362 wdata=0x4ee9f9c6 resp=AHB_RESP_OKAY
# UVM_INFO ../src/mst/ahb_master_monitor.sv(220) @ 4025000: uvm_test_top.env.master_agent.mon [ahb_master_monitor] Observed [AHB_WRITE]: HADDR=0x0000f35b, HBURST=AHB_BURST_INCR, HSIZE=AHB_SIZE_8B, 8 beats
# UVM_INFO ../src/env/ahb_coverage.sv(126) @ 4025000: uvm_test_top.env.master_cov [ahb_coverage] Sampled [AHB_WRITE]: burst=AHB_BURST_INCR size=AHB_SIZE_8B beats=8 error=0
# UVM_INFO ../src/slv/ahb_slave_monitor.sv(197) @ 4025000: uvm_test_top.env.slave_agent.mon [ahb_slave_monitor] Observed [AHB_WRITE]: HADDR=0x0000f35b, HBURST=AHB_BURST_INCR, HSIZE=AHB_SIZE_8B, 8 beats
# UVM_INFO ../src/env/ahb_scoreboard.sv(104) @ 4025000: uvm_test_top.env.scb [ahb_scoreboard] MATCH #27: [AHB_WRITE] HADDR=0x0000f35b AHB_BURST_INCR 8 beats
# UVM_INFO ../src/env/ahb_coverage.sv(126) @ 4025000: uvm_test_top.env.slave_cov [ahb_coverage] Sampled [AHB_WRITE]: burst=AHB_BURST_INCR size=AHB_SIZE_8B beats=8 error=0
# UVM_INFO ../src/mst/ahb_master_driver.sv(85) @ 4035000: uvm_test_top.env.master_agent.drv [ahb_master_driver] Queueing [AHB_READ]: HADDR=0x0000f35b, HBURST=AHB_BURST_INCR, HSIZE=AHB_SIZE_8B, 8 beats
# UVM_INFO ../src/mst/ahb_master_driver.sv(127) @ 4035000: uvm_test_top.env.master_agent.drv [ahb_master_driver] Driving [AHB_READ]: HADDR=0x0000f35b, HBURST=AHB_BURST_INCR, HSIZE=AHB_SIZE_8B, 8 beats               
# UVM_INFO ../src/mst/ahb_master_driver.sv(332) @ 4085000: uvm_test_top.env.master_agent.drv [ahb_master_driver] Beat[0/8] addr=0x0000f35b trans=AHB_TRANS_NONSEQ resp=AHB_RESP_OKAY rdata=0x90139044
# UVM_INFO ../src/slv/ahb_slave_driver.sv(184) @ 4085000: uvm_test_top.env.slave_agent.drv [ahb_slave_driver] Beat AHB_READ addr=0x0000f35b resp=AHB_RESP_OKAY waits=2 rdata=0x90139044
# UVM_INFO ../src/mst/ahb_master_monitor.sv(117) @ 4085000: uvm_test_top.env.master_agent.mon [ahb_master_monitor] Beat[0] addr=0x0000f35b rdata=0x90139044 resp=AHB_RESP_OKAY
# UVM_INFO ../src/mst/ahb_master_driver.sv(332) @ 4105000: uvm_test_top.env.master_agent.drv [ahb_master_driver] Beat[1/8] addr=0x0000f35c trans=AHB_TRANS_SEQ resp=AHB_RESP_OKAY rdata=0x553511b0
# UVM_INFO ../src/slv/ahb_slave_driver.sv(184) @ 4105000: uvm_test_top.env.slave_agent.drv [ahb_slave_driver] Beat AHB_READ addr=0x0000f35c resp=AHB_RESP_OKAY waits=1 rdata=0x553511b0
# UVM_INFO ../src/mst/ahb_master_monitor.sv(117) @ 4105000: uvm_test_top.env.master_agent.mon [ahb_master_monitor] Beat[1] addr=0x0000f35c rdata=0x553511b0 resp=AHB_RESP_OKAY
# UVM_INFO ../src/mst/ahb_master_driver.sv(332) @ 4135000: uvm_test_top.env.master_agent.drv [ahb_master_driver] Beat[2/8] addr=0x0000f35d trans=AHB_TRANS_SEQ resp=AHB_RESP_OKAY rdata=0xbef3552a
# UVM_INFO ../src/slv/ahb_slave_driver.sv(184) @ 4135000: uvm_test_top.env.slave_agent.drv [ahb_slave_driver] Beat AHB_READ addr=0x0000f35d resp=AHB_RESP_OKAY waits=2 rdata=0xbef3552a
# UVM_INFO ../src/mst/ahb_master_monitor.sv(117) @ 4135000: uvm_test_top.env.master_agent.mon [ahb_master_monitor] Beat[2] addr=0x0000f35d rdata=0xbef3552a resp=AHB_RESP_OKAY
# UVM_INFO ../src/mst/ahb_master_driver.sv(332) @ 4145000: uvm_test_top.env.master_agent.drv [ahb_master_driver] Beat[3/8] addr=0x0000f35e trans=AHB_TRANS_SEQ resp=AHB_RESP_OKAY rdata=0x4dc3d065
# UVM_INFO ../src/slv/ahb_slave_driver.sv(184) @ 4145000: uvm_test_top.env.slave_agent.drv [ahb_slave_driver] Beat AHB_READ addr=0x0000f35e resp=AHB_RESP_OKAY waits=0 rdata=0x4dc3d065
# UVM_INFO ../src/mst/ahb_master_monitor.sv(117) @ 4145000: uvm_test_top.env.master_agent.mon [ahb_master_monitor] Beat[3] addr=0x0000f35e rdata=0x4dc3d065 resp=AHB_RESP_OKAY
# UVM_INFO ../src/mst/ahb_master_driver.sv(332) @ 4155000: uvm_test_top.env.master_agent.drv [ahb_master_driver] Beat[4/8] addr=0x0000f35f trans=AHB_TRANS_SEQ resp=AHB_RESP_OKAY rdata=0x76fb186f
# UVM_INFO ../src/slv/ahb_slave_driver.sv(184) @ 4155000: uvm_test_top.env.slave_agent.drv [ahb_slave_driver] Beat AHB_READ addr=0x0000f35f resp=AHB_RESP_OKAY waits=0 rdata=0x76fb186f
# UVM_INFO ../src/mst/ahb_master_monitor.sv(117) @ 4155000: uvm_test_top.env.master_agent.mon [ahb_master_monitor] Beat[4] addr=0x0000f35f rdata=0x76fb186f resp=AHB_RESP_OKAY
# UVM_INFO ../src/mst/ahb_master_driver.sv(332) @ 4185000: uvm_test_top.env.master_agent.drv [ahb_master_driver] Beat[5/8] addr=0x0000f360 trans=AHB_TRANS_SEQ resp=AHB_RESP_OKAY rdata=0x71b17e74
# UVM_INFO ../src/slv/ahb_slave_driver.sv(184) @ 4185000: uvm_test_top.env.slave_agent.drv [ahb_slave_driver] Beat AHB_READ addr=0x0000f360 resp=AHB_RESP_OKAY waits=2 rdata=0x71b17e74
# UVM_INFO ../src/mst/ahb_master_monitor.sv(117) @ 4185000: uvm_test_top.env.master_agent.mon [ahb_master_monitor] Beat[5] addr=0x0000f360 rdata=0x71b17e74 resp=AHB_RESP_OKAY
# UVM_INFO ../src/mst/ahb_master_driver.sv(332) @ 4205000: uvm_test_top.env.master_agent.drv [ahb_master_driver] Beat[6/8] addr=0x0000f361 trans=AHB_TRANS_SEQ resp=AHB_RESP_OKAY rdata=0x1127ea46
# UVM_INFO ../src/slv/ahb_slave_driver.sv(184) @ 4205000: uvm_test_top.env.slave_agent.drv [ahb_slave_driver] Beat AHB_READ addr=0x0000f361 resp=AHB_RESP_OKAY waits=1 rdata=0x1127ea46
# UVM_INFO ../src/mst/ahb_master_monitor.sv(117) @ 4205000: uvm_test_top.env.master_agent.mon [ahb_master_monitor] Beat[6] addr=0x0000f361 rdata=0x1127ea46 resp=AHB_RESP_OKAY
# UVM_INFO ../src/mst/ahb_master_driver.sv(332) @ 4225000: uvm_test_top.env.master_agent.drv [ahb_master_driver] Beat[7/8] addr=0x0000f362 trans=AHB_TRANS_SEQ resp=AHB_RESP_OKAY rdata=0x4ee9f9c6
# UVM_INFO ../src/mst/ahb_master_driver.sv(376) @ 4225000: uvm_test_top.env.master_agent.drv [ahb_master_driver] Transaction complete: AHB_READ 0x0000f35b, 8 beats, burst=AHB_BURST_INCR
# UVM_INFO ../src/slv/ahb_slave_driver.sv(184) @ 4225000: uvm_test_top.env.slave_agent.drv [ahb_slave_driver] Beat AHB_READ addr=0x0000f362 resp=AHB_RESP_OKAY waits=1 rdata=0x4ee9f9c6
# UVM_INFO ../src/mst/ahb_master_monitor.sv(117) @ 4225000: uvm_test_top.env.master_agent.mon [ahb_master_monitor] Beat[7] addr=0x0000f362 rdata=0x4ee9f9c6 resp=AHB_RESP_OKAY
# UVM_INFO ../src/mst/ahb_master_monitor.sv(220) @ 4225000: uvm_test_top.env.master_agent.mon [ahb_master_monitor] Observed [AHB_READ]: HADDR=0x0000f35b, HBURST=AHB_BURST_INCR, HSIZE=AHB_SIZE_8B, 8 beats
# UVM_INFO ../src/env/ahb_coverage.sv(126) @ 4225000: uvm_test_top.env.master_cov [ahb_coverage] Sampled [AHB_READ]: burst=AHB_BURST_INCR size=AHB_SIZE_8B beats=8 error=0
# UVM_INFO ../src/slv/ahb_slave_monitor.sv(197) @ 4225000: uvm_test_top.env.slave_agent.mon [ahb_slave_monitor] Observed [AHB_READ]: HADDR=0x0000f35b, HBURST=AHB_BURST_INCR, HSIZE=AHB_SIZE_8B, 8 beats
# UVM_INFO ../src/env/ahb_scoreboard.sv(104) @ 4225000: uvm_test_top.env.scb [ahb_scoreboard] MATCH #28: [AHB_READ] HADDR=0x0000f35b AHB_BURST_INCR 8 beats
# UVM_INFO ../src/env/ahb_coverage.sv(126) @ 4225000: uvm_test_top.env.slave_cov [ahb_coverage] Sampled [AHB_READ]: burst=AHB_BURST_INCR size=AHB_SIZE_8B beats=8 error=0
# UVM_INFO ../src/mst_seq/ahb_idle_seq.sv(273) @ 4225000: uvm_test_top.env.master_agent.sqr@@seq [ahb_idle_seq] [busy] AHB_BURST_INCR AHB_SIZE_8B @0x0000f35b, 8 beats
# UVM_INFO ../src/mst_seq/ahb_base_seq.sv(157) @ 4225000: uvm_test_top.env.master_agent.sqr@@seq [ahb_idle_seq] AHB_BURST_INCR AHB_SIZE_8B beat 0 @0x0000f35b ok
# UVM_INFO ../src/mst_seq/ahb_base_seq.sv(157) @ 4225000: uvm_test_top.env.master_agent.sqr@@seq [ahb_idle_seq] AHB_BURST_INCR AHB_SIZE_8B beat 1 @0x0000f35c ok
# UVM_INFO ../src/mst_seq/ahb_base_seq.sv(157) @ 4225000: uvm_test_top.env.master_agent.sqr@@seq [ahb_idle_seq] AHB_BURST_INCR AHB_SIZE_8B beat 2 @0x0000f35d ok
# UVM_INFO ../src/mst_seq/ahb_base_seq.sv(157) @ 4225000: uvm_test_top.env.master_agent.sqr@@seq [ahb_idle_seq] AHB_BURST_INCR AHB_SIZE_8B beat 3 @0x0000f35e ok
# UVM_INFO ../src/mst_seq/ahb_base_seq.sv(157) @ 4225000: uvm_test_top.env.master_agent.sqr@@seq [ahb_idle_seq] AHB_BURST_INCR AHB_SIZE_8B beat 4 @0x0000f35f ok
# UVM_INFO ../src/mst_seq/ahb_base_seq.sv(157) @ 4225000: uvm_test_top.env.master_agent.sqr@@seq [ahb_idle_seq] AHB_BURST_INCR AHB_SIZE_8B beat 5 @0x0000f360 ok
# UVM_INFO ../src/mst_seq/ahb_base_seq.sv(157) @ 4225000: uvm_test_top.env.master_agent.sqr@@seq [ahb_idle_seq] AHB_BURST_INCR AHB_SIZE_8B beat 6 @0x0000f361 ok
# UVM_INFO ../src/mst_seq/ahb_base_seq.sv(157) @ 4225000: uvm_test_top.env.master_agent.sqr@@seq [ahb_idle_seq] AHB_BURST_INCR AHB_SIZE_8B beat 7 @0x0000f362 ok
# UVM_INFO ../src/mst/ahb_master_driver.sv(85) @ 4235000: uvm_test_top.env.master_agent.drv [ahb_master_driver] Queueing [AHB_WRITE]: HADDR=0x0000f38c, HBURST=AHB_BURST_INCR4, HSIZE=AHB_SIZE_32B, 4 beats
# UVM_INFO ../src/mst/ahb_master_driver.sv(127) @ 4235000: uvm_test_top.env.master_agent.drv [ahb_master_driver] Driving [AHB_WRITE]: HADDR=0x0000f38c, HBURST=AHB_BURST_INCR4, HSIZE=AHB_SIZE_32B, 4 beats               
# UVM_INFO ../src/mst/ahb_master_driver.sv(332) @ 4265000: uvm_test_top.env.master_agent.drv [ahb_master_driver] Beat[0/4] addr=0x0000f38c trans=AHB_TRANS_NONSEQ resp=AHB_RESP_OKAY wdata=0x1a906258
# UVM_INFO ../src/slv/ahb_slave_driver.sv(184) @ 4265000: uvm_test_top.env.slave_agent.drv [ahb_slave_driver] Beat AHB_WRITE addr=0x0000f38c resp=AHB_RESP_OKAY waits=0 wdata=0x1a906258
# UVM_INFO ../src/mst/ahb_master_monitor.sv(117) @ 4265000: uvm_test_top.env.master_agent.mon [ahb_master_monitor] Beat[0] addr=0x0000f38c wdata=0x1a906258 resp=AHB_RESP_OKAY
# UVM_INFO ../src/mst/ahb_master_driver.sv(332) @ 4295000: uvm_test_top.env.master_agent.drv [ahb_master_driver] Beat[1/4] addr=0x0000f390 trans=AHB_TRANS_SEQ resp=AHB_RESP_OKAY wdata=0x956e8bea
# UVM_INFO ../src/slv/ahb_slave_driver.sv(184) @ 4295000: uvm_test_top.env.slave_agent.drv [ahb_slave_driver] Beat AHB_WRITE addr=0x0000f390 resp=AHB_RESP_OKAY waits=1 wdata=0x956e8bea
# UVM_INFO ../src/mst/ahb_master_monitor.sv(117) @ 4295000: uvm_test_top.env.master_agent.mon [ahb_master_monitor] Beat[1] addr=0x0000f390 wdata=0x956e8bea resp=AHB_RESP_OKAY
# UVM_INFO ../src/mst/ahb_master_driver.sv(332) @ 4325000: uvm_test_top.env.master_agent.drv [ahb_master_driver] Beat[2/4] addr=0x0000f394 trans=AHB_TRANS_SEQ resp=AHB_RESP_OKAY wdata=0x53a86bee
# UVM_INFO ../src/slv/ahb_slave_driver.sv(184) @ 4325000: uvm_test_top.env.slave_agent.drv [ahb_slave_driver] Beat AHB_WRITE addr=0x0000f394 resp=AHB_RESP_OKAY waits=0 wdata=0x53a86bee
# UVM_INFO ../src/mst/ahb_master_monitor.sv(117) @ 4325000: uvm_test_top.env.master_agent.mon [ahb_master_monitor] Beat[2] addr=0x0000f394 wdata=0x53a86bee resp=AHB_RESP_OKAY
# UVM_INFO ../src/mst/ahb_master_driver.sv(332) @ 4375000: uvm_test_top.env.master_agent.drv [ahb_master_driver] Beat[3/4] addr=0x0000f398 trans=AHB_TRANS_SEQ resp=AHB_RESP_OKAY wdata=0x50d618ea
# UVM_INFO ../src/mst/ahb_master_driver.sv(376) @ 4375000: uvm_test_top.env.master_agent.drv [ahb_master_driver] Transaction complete: AHB_WRITE 0x0000f38c, 4 beats, burst=AHB_BURST_INCR4
# UVM_INFO ../src/slv/ahb_slave_driver.sv(184) @ 4375000: uvm_test_top.env.slave_agent.drv [ahb_slave_driver] Beat AHB_WRITE addr=0x0000f398 resp=AHB_RESP_OKAY waits=2 wdata=0x50d618ea
# UVM_INFO ../src/slv/ahb_slave_monitor.sv(197) @ 4375000: uvm_test_top.env.slave_agent.mon [ahb_slave_monitor] Observed [AHB_WRITE]: HADDR=0x0000f38c, HBURST=AHB_BURST_INCR4, HSIZE=AHB_SIZE_32B, 4 beats
# UVM_INFO ../src/env/ahb_coverage.sv(126) @ 4375000: uvm_test_top.env.slave_cov [ahb_coverage] Sampled [AHB_WRITE]: burst=AHB_BURST_INCR4 size=AHB_SIZE_32B beats=4 error=0
# UVM_INFO ../src/mst/ahb_master_monitor.sv(117) @ 4375000: uvm_test_top.env.master_agent.mon [ahb_master_monitor] Beat[3] addr=0x0000f398 wdata=0x50d618ea resp=AHB_RESP_OKAY
# UVM_INFO ../src/mst/ahb_master_monitor.sv(220) @ 4375000: uvm_test_top.env.master_agent.mon [ahb_master_monitor] Observed [AHB_WRITE]: HADDR=0x0000f38c, HBURST=AHB_BURST_INCR4, HSIZE=AHB_SIZE_32B, 4 beats
# UVM_INFO ../src/env/ahb_coverage.sv(126) @ 4375000: uvm_test_top.env.master_cov [ahb_coverage] Sampled [AHB_WRITE]: burst=AHB_BURST_INCR4 size=AHB_SIZE_32B beats=4 error=0
# UVM_INFO ../src/env/ahb_scoreboard.sv(104) @ 4375000: uvm_test_top.env.scb [ahb_scoreboard] MATCH #29: [AHB_WRITE] HADDR=0x0000f38c AHB_BURST_INCR4 4 beats
# UVM_INFO ../src/mst/ahb_master_driver.sv(85) @ 4405000: uvm_test_top.env.master_agent.drv [ahb_master_driver] Queueing [AHB_READ]: HADDR=0x0000f38c, HBURST=AHB_BURST_INCR4, HSIZE=AHB_SIZE_32B, 4 beats
# UVM_INFO ../src/mst/ahb_master_driver.sv(127) @ 4405000: uvm_test_top.env.master_agent.drv [ahb_master_driver] Driving [AHB_READ]: HADDR=0x0000f38c, HBURST=AHB_BURST_INCR4, HSIZE=AHB_SIZE_32B, 4 beats               
# UVM_INFO ../src/mst/ahb_master_driver.sv(332) @ 4455000: uvm_test_top.env.master_agent.drv [ahb_master_driver] Beat[0/4] addr=0x0000f38c trans=AHB_TRANS_NONSEQ resp=AHB_RESP_OKAY rdata=0x1a906258
# UVM_INFO ../src/slv/ahb_slave_driver.sv(184) @ 4455000: uvm_test_top.env.slave_agent.drv [ahb_slave_driver] Beat AHB_READ addr=0x0000f38c resp=AHB_RESP_OKAY waits=2 rdata=0x1a906258
# UVM_INFO ../src/mst/ahb_master_monitor.sv(117) @ 4455000: uvm_test_top.env.master_agent.mon [ahb_master_monitor] Beat[0] addr=0x0000f38c rdata=0x1a906258 resp=AHB_RESP_OKAY
# UVM_INFO ../src/mst/ahb_master_driver.sv(332) @ 4485000: uvm_test_top.env.master_agent.drv [ahb_master_driver] Beat[1/4] addr=0x0000f390 trans=AHB_TRANS_SEQ resp=AHB_RESP_OKAY rdata=0x956e8bea
# UVM_INFO ../src/slv/ahb_slave_driver.sv(184) @ 4485000: uvm_test_top.env.slave_agent.drv [ahb_slave_driver] Beat AHB_READ addr=0x0000f390 resp=AHB_RESP_OKAY waits=2 rdata=0x956e8bea
# UVM_INFO ../src/mst/ahb_master_monitor.sv(117) @ 4485000: uvm_test_top.env.master_agent.mon [ahb_master_monitor] Beat[1] addr=0x0000f390 rdata=0x956e8bea resp=AHB_RESP_OKAY
# UVM_INFO ../src/mst/ahb_master_driver.sv(332) @ 4505000: uvm_test_top.env.master_agent.drv [ahb_master_driver] Beat[2/4] addr=0x0000f394 trans=AHB_TRANS_SEQ resp=AHB_RESP_OKAY rdata=0x53a86bee
# UVM_INFO ../src/slv/ahb_slave_driver.sv(184) @ 4505000: uvm_test_top.env.slave_agent.drv [ahb_slave_driver] Beat AHB_READ addr=0x0000f394 resp=AHB_RESP_OKAY waits=1 rdata=0x53a86bee
# UVM_INFO ../src/mst/ahb_master_monitor.sv(117) @ 4505000: uvm_test_top.env.master_agent.mon [ahb_master_monitor] Beat[2] addr=0x0000f394 rdata=0x53a86bee resp=AHB_RESP_OKAY
# UVM_INFO ../src/mst/ahb_master_driver.sv(332) @ 4535000: uvm_test_top.env.master_agent.drv [ahb_master_driver] Beat[3/4] addr=0x0000f398 trans=AHB_TRANS_SEQ resp=AHB_RESP_OKAY rdata=0x50d618ea
# UVM_INFO ../src/mst/ahb_master_driver.sv(376) @ 4535000: uvm_test_top.env.master_agent.drv [ahb_master_driver] Transaction complete: AHB_READ 0x0000f38c, 4 beats, burst=AHB_BURST_INCR4
# UVM_INFO ../src/slv/ahb_slave_driver.sv(184) @ 4535000: uvm_test_top.env.slave_agent.drv [ahb_slave_driver] Beat AHB_READ addr=0x0000f398 resp=AHB_RESP_OKAY waits=2 rdata=0x50d618ea
# UVM_INFO ../src/slv/ahb_slave_monitor.sv(197) @ 4535000: uvm_test_top.env.slave_agent.mon [ahb_slave_monitor] Observed [AHB_READ]: HADDR=0x0000f38c, HBURST=AHB_BURST_INCR4, HSIZE=AHB_SIZE_32B, 4 beats
# UVM_INFO ../src/env/ahb_coverage.sv(126) @ 4535000: uvm_test_top.env.slave_cov [ahb_coverage] Sampled [AHB_READ]: burst=AHB_BURST_INCR4 size=AHB_SIZE_32B beats=4 error=0
# UVM_INFO ../src/mst/ahb_master_monitor.sv(117) @ 4535000: uvm_test_top.env.master_agent.mon [ahb_master_monitor] Beat[3] addr=0x0000f398 rdata=0x50d618ea resp=AHB_RESP_OKAY
# UVM_INFO ../src/mst/ahb_master_monitor.sv(220) @ 4535000: uvm_test_top.env.master_agent.mon [ahb_master_monitor] Observed [AHB_READ]: HADDR=0x0000f38c, HBURST=AHB_BURST_INCR4, HSIZE=AHB_SIZE_32B, 4 beats
# UVM_INFO ../src/env/ahb_coverage.sv(126) @ 4535000: uvm_test_top.env.master_cov [ahb_coverage] Sampled [AHB_READ]: burst=AHB_BURST_INCR4 size=AHB_SIZE_32B beats=4 error=0
# UVM_INFO ../src/env/ahb_scoreboard.sv(104) @ 4535000: uvm_test_top.env.scb [ahb_scoreboard] MATCH #30: [AHB_READ] HADDR=0x0000f38c AHB_BURST_INCR4 4 beats
# UVM_INFO ../src/mst_seq/ahb_idle_seq.sv(273) @ 4535000: uvm_test_top.env.master_agent.sqr@@seq [ahb_idle_seq] [busy] AHB_BURST_INCR4 AHB_SIZE_32B @0x0000f38c, 4 beats
# UVM_INFO ../src/mst_seq/ahb_base_seq.sv(157) @ 4535000: uvm_test_top.env.master_agent.sqr@@seq [ahb_idle_seq] AHB_BURST_INCR4 AHB_SIZE_32B beat 0 @0x0000f38c ok
# UVM_INFO ../src/mst_seq/ahb_base_seq.sv(157) @ 4535000: uvm_test_top.env.master_agent.sqr@@seq [ahb_idle_seq] AHB_BURST_INCR4 AHB_SIZE_32B beat 1 @0x0000f390 ok
# UVM_INFO ../src/mst_seq/ahb_base_seq.sv(157) @ 4535000: uvm_test_top.env.master_agent.sqr@@seq [ahb_idle_seq] AHB_BURST_INCR4 AHB_SIZE_32B beat 2 @0x0000f394 ok
# UVM_INFO ../src/mst_seq/ahb_base_seq.sv(157) @ 4535000: uvm_test_top.env.master_agent.sqr@@seq [ahb_idle_seq] AHB_BURST_INCR4 AHB_SIZE_32B beat 3 @0x0000f398 ok
# UVM_INFO ../src/mst/ahb_master_driver.sv(85) @ 4575000: uvm_test_top.env.master_agent.drv [ahb_master_driver] Queueing [AHB_WRITE]: HADDR=0x0000f3d0, HBURST=AHB_BURST_INCR, HSIZE=AHB_SIZE_32B, 8 beats
# UVM_INFO ../src/mst/ahb_master_driver.sv(127) @ 4575000: uvm_test_top.env.master_agent.drv [ahb_master_driver] Driving [AHB_WRITE]: HADDR=0x0000f3d0, HBURST=AHB_BURST_INCR, HSIZE=AHB_SIZE_32B, 8 beats               
# UVM_INFO ../src/mst/ahb_master_driver.sv(332) @ 4615000: uvm_test_top.env.master_agent.drv [ahb_master_driver] Beat[0/8] addr=0x0000f3d0 trans=AHB_TRANS_NONSEQ resp=AHB_RESP_OKAY wdata=0xfdf48b67
# UVM_INFO ../src/slv/ahb_slave_driver.sv(184) @ 4615000: uvm_test_top.env.slave_agent.drv [ahb_slave_driver] Beat AHB_WRITE addr=0x0000f3d0 resp=AHB_RESP_OKAY waits=1 wdata=0xfdf48b67
# UVM_INFO ../src/mst/ahb_master_monitor.sv(117) @ 4615000: uvm_test_top.env.master_agent.mon [ahb_master_monitor] Beat[0] addr=0x0000f3d0 wdata=0xfdf48b67 resp=AHB_RESP_OKAY
# UVM_INFO ../src/mst/ahb_master_driver.sv(332) @ 4645000: uvm_test_top.env.master_agent.drv [ahb_master_driver] Beat[1/8] addr=0x0000f3d4 trans=AHB_TRANS_SEQ resp=AHB_RESP_OKAY wdata=0xd9c45d7c
# UVM_INFO ../src/slv/ahb_slave_driver.sv(184) @ 4645000: uvm_test_top.env.slave_agent.drv [ahb_slave_driver] Beat AHB_WRITE addr=0x0000f3d4 resp=AHB_RESP_OKAY waits=0 wdata=0xd9c45d7c
# UVM_INFO ../src/mst/ahb_master_monitor.sv(117) @ 4645000: uvm_test_top.env.master_agent.mon [ahb_master_monitor] Beat[1] addr=0x0000f3d4 wdata=0xd9c45d7c resp=AHB_RESP_OKAY
# UVM_INFO ../src/mst/ahb_master_driver.sv(332) @ 4675000: uvm_test_top.env.master_agent.drv [ahb_master_driver] Beat[2/8] addr=0x0000f3d8 trans=AHB_TRANS_SEQ resp=AHB_RESP_OKAY wdata=0xa2c7ec36
# UVM_INFO ../src/slv/ahb_slave_driver.sv(184) @ 4675000: uvm_test_top.env.slave_agent.drv [ahb_slave_driver] Beat AHB_WRITE addr=0x0000f3d8 resp=AHB_RESP_OKAY waits=0 wdata=0xa2c7ec36
# UVM_INFO ../src/mst/ahb_master_monitor.sv(117) @ 4675000: uvm_test_top.env.master_agent.mon [ahb_master_monitor] Beat[2] addr=0x0000f3d8 wdata=0xa2c7ec36 resp=AHB_RESP_OKAY
# UVM_INFO ../src/mst/ahb_master_driver.sv(332) @ 4715000: uvm_test_top.env.master_agent.drv [ahb_master_driver] Beat[3/8] addr=0x0000f3dc trans=AHB_TRANS_SEQ resp=AHB_RESP_OKAY wdata=0xae8f8f03
# UVM_INFO ../src/slv/ahb_slave_driver.sv(184) @ 4715000: uvm_test_top.env.slave_agent.drv [ahb_slave_driver] Beat AHB_WRITE addr=0x0000f3dc resp=AHB_RESP_OKAY waits=1 wdata=0xae8f8f03
# UVM_INFO ../src/mst/ahb_master_monitor.sv(117) @ 4715000: uvm_test_top.env.master_agent.mon [ahb_master_monitor] Beat[3] addr=0x0000f3dc wdata=0xae8f8f03 resp=AHB_RESP_OKAY
# UVM_INFO ../src/mst/ahb_master_driver.sv(332) @ 4745000: uvm_test_top.env.master_agent.drv [ahb_master_driver] Beat[4/8] addr=0x0000f3e0 trans=AHB_TRANS_SEQ resp=AHB_RESP_OKAY wdata=0x066d3a2d
# UVM_INFO ../src/slv/ahb_slave_driver.sv(184) @ 4745000: uvm_test_top.env.slave_agent.drv [ahb_slave_driver] Beat AHB_WRITE addr=0x0000f3e0 resp=AHB_RESP_OKAY waits=1 wdata=0x066d3a2d
# UVM_INFO ../src/mst/ahb_master_monitor.sv(117) @ 4745000: uvm_test_top.env.master_agent.mon [ahb_master_monitor] Beat[4] addr=0x0000f3e0 wdata=0x066d3a2d resp=AHB_RESP_OKAY
# UVM_INFO ../src/mst/ahb_master_driver.sv(332) @ 4795000: uvm_test_top.env.master_agent.drv [ahb_master_driver] Beat[5/8] addr=0x0000f3e4 trans=AHB_TRANS_SEQ resp=AHB_RESP_OKAY wdata=0xcbe2f687
# UVM_INFO ../src/slv/ahb_slave_driver.sv(184) @ 4795000: uvm_test_top.env.slave_agent.drv [ahb_slave_driver] Beat AHB_WRITE addr=0x0000f3e4 resp=AHB_RESP_OKAY waits=2 wdata=0xcbe2f687
# UVM_INFO ../src/mst/ahb_master_monitor.sv(117) @ 4795000: uvm_test_top.env.master_agent.mon [ahb_master_monitor] Beat[5] addr=0x0000f3e4 wdata=0xcbe2f687 resp=AHB_RESP_OKAY
# UVM_INFO ../src/mst/ahb_master_driver.sv(332) @ 4845000: uvm_test_top.env.master_agent.drv [ahb_master_driver] Beat[6/8] addr=0x0000f3e8 trans=AHB_TRANS_SEQ resp=AHB_RESP_OKAY wdata=0x180b5109
# UVM_INFO ../src/slv/ahb_slave_driver.sv(184) @ 4845000: uvm_test_top.env.slave_agent.drv [ahb_slave_driver] Beat AHB_WRITE addr=0x0000f3e8 resp=AHB_RESP_OKAY waits=2 wdata=0x180b5109
# UVM_INFO ../src/mst/ahb_master_monitor.sv(117) @ 4845000: uvm_test_top.env.master_agent.mon [ahb_master_monitor] Beat[6] addr=0x0000f3e8 wdata=0x180b5109 resp=AHB_RESP_OKAY
# UVM_INFO ../src/mst/ahb_master_driver.sv(332) @ 4875000: uvm_test_top.env.master_agent.drv [ahb_master_driver] Beat[7/8] addr=0x0000f3ec trans=AHB_TRANS_SEQ resp=AHB_RESP_OKAY wdata=0xb1e9f4ff
# UVM_INFO ../src/mst/ahb_master_driver.sv(376) @ 4875000: uvm_test_top.env.master_agent.drv [ahb_master_driver] Transaction complete: AHB_WRITE 0x0000f3d0, 8 beats, burst=AHB_BURST_INCR
# UVM_INFO ../src/slv/ahb_slave_driver.sv(184) @ 4875000: uvm_test_top.env.slave_agent.drv [ahb_slave_driver] Beat AHB_WRITE addr=0x0000f3ec resp=AHB_RESP_OKAY waits=1 wdata=0xb1e9f4ff
# UVM_INFO ../src/slv/ahb_slave_monitor.sv(197) @ 4875000: uvm_test_top.env.slave_agent.mon [ahb_slave_monitor] Observed [AHB_WRITE]: HADDR=0x0000f3d0, HBURST=AHB_BURST_INCR, HSIZE=AHB_SIZE_32B, 8 beats
# UVM_INFO ../src/env/ahb_coverage.sv(126) @ 4875000: uvm_test_top.env.slave_cov [ahb_coverage] Sampled [AHB_WRITE]: burst=AHB_BURST_INCR size=AHB_SIZE_32B beats=8 error=0
# UVM_INFO ../src/mst/ahb_master_monitor.sv(117) @ 4875000: uvm_test_top.env.master_agent.mon [ahb_master_monitor] Beat[7] addr=0x0000f3ec wdata=0xb1e9f4ff resp=AHB_RESP_OKAY
# UVM_INFO ../src/mst/ahb_master_monitor.sv(220) @ 4875000: uvm_test_top.env.master_agent.mon [ahb_master_monitor] Observed [AHB_WRITE]: HADDR=0x0000f3d0, HBURST=AHB_BURST_INCR, HSIZE=AHB_SIZE_32B, 8 beats
# UVM_INFO ../src/env/ahb_coverage.sv(126) @ 4875000: uvm_test_top.env.master_cov [ahb_coverage] Sampled [AHB_WRITE]: burst=AHB_BURST_INCR size=AHB_SIZE_32B beats=8 error=0
# UVM_INFO ../src/env/ahb_scoreboard.sv(104) @ 4875000: uvm_test_top.env.scb [ahb_scoreboard] MATCH #31: [AHB_WRITE] HADDR=0x0000f3d0 AHB_BURST_INCR 8 beats
# UVM_INFO ../src/mst/ahb_master_driver.sv(85) @ 4915000: uvm_test_top.env.master_agent.drv [ahb_master_driver] Queueing [AHB_READ]: HADDR=0x0000f3d0, HBURST=AHB_BURST_INCR, HSIZE=AHB_SIZE_32B, 8 beats
# UVM_INFO ../src/mst/ahb_master_driver.sv(127) @ 4915000: uvm_test_top.env.master_agent.drv [ahb_master_driver] Driving [AHB_READ]: HADDR=0x0000f3d0, HBURST=AHB_BURST_INCR, HSIZE=AHB_SIZE_32B, 8 beats               
# UVM_INFO ../src/mst/ahb_master_driver.sv(332) @ 4945000: uvm_test_top.env.master_agent.drv [ahb_master_driver] Beat[0/8] addr=0x0000f3d0 trans=AHB_TRANS_NONSEQ resp=AHB_RESP_OKAY rdata=0xfdf48b67
# UVM_INFO ../src/slv/ahb_slave_driver.sv(184) @ 4945000: uvm_test_top.env.slave_agent.drv [ahb_slave_driver] Beat AHB_READ addr=0x0000f3d0 resp=AHB_RESP_OKAY waits=0 rdata=0xfdf48b67
# UVM_INFO ../src/mst/ahb_master_monitor.sv(117) @ 4945000: uvm_test_top.env.master_agent.mon [ahb_master_monitor] Beat[0] addr=0x0000f3d0 rdata=0xfdf48b67 resp=AHB_RESP_OKAY
# UVM_INFO ../src/mst/ahb_master_driver.sv(332) @ 4955000: uvm_test_top.env.master_agent.drv [ahb_master_driver] Beat[1/8] addr=0x0000f3d4 trans=AHB_TRANS_SEQ resp=AHB_RESP_OKAY rdata=0xd9c45d7c
# UVM_INFO ../src/slv/ahb_slave_driver.sv(184) @ 4955000: uvm_test_top.env.slave_agent.drv [ahb_slave_driver] Beat AHB_READ addr=0x0000f3d4 resp=AHB_RESP_OKAY waits=0 rdata=0xd9c45d7c
# UVM_INFO ../src/mst/ahb_master_monitor.sv(117) @ 4955000: uvm_test_top.env.master_agent.mon [ahb_master_monitor] Beat[1] addr=0x0000f3d4 rdata=0xd9c45d7c resp=AHB_RESP_OKAY
# UVM_INFO ../src/mst/ahb_master_driver.sv(332) @ 4965000: uvm_test_top.env.master_agent.drv [ahb_master_driver] Beat[2/8] addr=0x0000f3d8 trans=AHB_TRANS_SEQ resp=AHB_RESP_OKAY rdata=0xa2c7ec36
# UVM_INFO ../src/slv/ahb_slave_driver.sv(184) @ 4965000: uvm_test_top.env.slave_agent.drv [ahb_slave_driver] Beat AHB_READ addr=0x0000f3d8 resp=AHB_RESP_OKAY waits=0 rdata=0xa2c7ec36
# UVM_INFO ../src/mst/ahb_master_monitor.sv(117) @ 4965000: uvm_test_top.env.master_agent.mon [ahb_master_monitor] Beat[2] addr=0x0000f3d8 rdata=0xa2c7ec36 resp=AHB_RESP_OKAY
# UVM_INFO ../src/mst/ahb_master_driver.sv(332) @ 4995000: uvm_test_top.env.master_agent.drv [ahb_master_driver] Beat[3/8] addr=0x0000f3dc trans=AHB_TRANS_SEQ resp=AHB_RESP_OKAY rdata=0xae8f8f03
# UVM_INFO ../src/slv/ahb_slave_driver.sv(184) @ 4995000: uvm_test_top.env.slave_agent.drv [ahb_slave_driver] Beat AHB_READ addr=0x0000f3dc resp=AHB_RESP_OKAY waits=2 rdata=0xae8f8f03
# UVM_INFO ../src/mst/ahb_master_monitor.sv(117) @ 4995000: uvm_test_top.env.master_agent.mon [ahb_master_monitor] Beat[3] addr=0x0000f3dc rdata=0xae8f8f03 resp=AHB_RESP_OKAY
# UVM_INFO ../src/mst/ahb_master_driver.sv(332) @ 5005000: uvm_test_top.env.master_agent.drv [ahb_master_driver] Beat[4/8] addr=0x0000f3e0 trans=AHB_TRANS_SEQ resp=AHB_RESP_OKAY rdata=0x066d3a2d
# UVM_INFO ../src/slv/ahb_slave_driver.sv(184) @ 5005000: uvm_test_top.env.slave_agent.drv [ahb_slave_driver] Beat AHB_READ addr=0x0000f3e0 resp=AHB_RESP_OKAY waits=0 rdata=0x066d3a2d
# UVM_INFO ../src/mst/ahb_master_monitor.sv(117) @ 5005000: uvm_test_top.env.master_agent.mon [ahb_master_monitor] Beat[4] addr=0x0000f3e0 rdata=0x066d3a2d resp=AHB_RESP_OKAY
# UVM_INFO ../src/mst/ahb_master_driver.sv(332) @ 5035000: uvm_test_top.env.master_agent.drv [ahb_master_driver] Beat[5/8] addr=0x0000f3e4 trans=AHB_TRANS_SEQ resp=AHB_RESP_OKAY rdata=0xcbe2f687
# UVM_INFO ../src/slv/ahb_slave_driver.sv(184) @ 5035000: uvm_test_top.env.slave_agent.drv [ahb_slave_driver] Beat AHB_READ addr=0x0000f3e4 resp=AHB_RESP_OKAY waits=2 rdata=0xcbe2f687
# UVM_INFO ../src/mst/ahb_master_monitor.sv(117) @ 5035000: uvm_test_top.env.master_agent.mon [ahb_master_monitor] Beat[5] addr=0x0000f3e4 rdata=0xcbe2f687 resp=AHB_RESP_OKAY
# UVM_INFO ../src/mst/ahb_master_driver.sv(332) @ 5055000: uvm_test_top.env.master_agent.drv [ahb_master_driver] Beat[6/8] addr=0x0000f3e8 trans=AHB_TRANS_SEQ resp=AHB_RESP_OKAY rdata=0x180b5109
# UVM_INFO ../src/slv/ahb_slave_driver.sv(184) @ 5055000: uvm_test_top.env.slave_agent.drv [ahb_slave_driver] Beat AHB_READ addr=0x0000f3e8 resp=AHB_RESP_OKAY waits=1 rdata=0x180b5109
# UVM_INFO ../src/mst/ahb_master_monitor.sv(117) @ 5055000: uvm_test_top.env.master_agent.mon [ahb_master_monitor] Beat[6] addr=0x0000f3e8 rdata=0x180b5109 resp=AHB_RESP_OKAY
# UVM_INFO ../src/mst/ahb_master_driver.sv(332) @ 5075000: uvm_test_top.env.master_agent.drv [ahb_master_driver] Beat[7/8] addr=0x0000f3ec trans=AHB_TRANS_SEQ resp=AHB_RESP_OKAY rdata=0xb1e9f4ff
# UVM_INFO ../src/mst/ahb_master_driver.sv(376) @ 5075000: uvm_test_top.env.master_agent.drv [ahb_master_driver] Transaction complete: AHB_READ 0x0000f3d0, 8 beats, burst=AHB_BURST_INCR
# UVM_INFO ../src/slv/ahb_slave_driver.sv(184) @ 5075000: uvm_test_top.env.slave_agent.drv [ahb_slave_driver] Beat AHB_READ addr=0x0000f3ec resp=AHB_RESP_OKAY waits=1 rdata=0xb1e9f4ff
# UVM_INFO ../src/slv/ahb_slave_monitor.sv(197) @ 5075000: uvm_test_top.env.slave_agent.mon [ahb_slave_monitor] Observed [AHB_READ]: HADDR=0x0000f3d0, HBURST=AHB_BURST_INCR, HSIZE=AHB_SIZE_32B, 8 beats
# UVM_INFO ../src/env/ahb_coverage.sv(126) @ 5075000: uvm_test_top.env.slave_cov [ahb_coverage] Sampled [AHB_READ]: burst=AHB_BURST_INCR size=AHB_SIZE_32B beats=8 error=0
# UVM_INFO ../src/mst/ahb_master_monitor.sv(117) @ 5075000: uvm_test_top.env.master_agent.mon [ahb_master_monitor] Beat[7] addr=0x0000f3ec rdata=0xb1e9f4ff resp=AHB_RESP_OKAY
# UVM_INFO ../src/mst/ahb_master_monitor.sv(220) @ 5075000: uvm_test_top.env.master_agent.mon [ahb_master_monitor] Observed [AHB_READ]: HADDR=0x0000f3d0, HBURST=AHB_BURST_INCR, HSIZE=AHB_SIZE_32B, 8 beats
# UVM_INFO ../src/env/ahb_coverage.sv(126) @ 5075000: uvm_test_top.env.master_cov [ahb_coverage] Sampled [AHB_READ]: burst=AHB_BURST_INCR size=AHB_SIZE_32B beats=8 error=0
# UVM_INFO ../src/env/ahb_scoreboard.sv(104) @ 5075000: uvm_test_top.env.scb [ahb_scoreboard] MATCH #32: [AHB_READ] HADDR=0x0000f3d0 AHB_BURST_INCR 8 beats
# UVM_INFO ../src/mst_seq/ahb_idle_seq.sv(273) @ 5075000: uvm_test_top.env.master_agent.sqr@@seq [ahb_idle_seq] [busy] AHB_BURST_INCR AHB_SIZE_32B @0x0000f3d0, 8 beats
# UVM_INFO ../src/mst_seq/ahb_base_seq.sv(157) @ 5075000: uvm_test_top.env.master_agent.sqr@@seq [ahb_idle_seq] AHB_BURST_INCR AHB_SIZE_32B beat 0 @0x0000f3d0 ok
# UVM_INFO ../src/mst_seq/ahb_base_seq.sv(157) @ 5075000: uvm_test_top.env.master_agent.sqr@@seq [ahb_idle_seq] AHB_BURST_INCR AHB_SIZE_32B beat 1 @0x0000f3d4 ok
# UVM_INFO ../src/mst_seq/ahb_base_seq.sv(157) @ 5075000: uvm_test_top.env.master_agent.sqr@@seq [ahb_idle_seq] AHB_BURST_INCR AHB_SIZE_32B beat 2 @0x0000f3d8 ok
# UVM_INFO ../src/mst_seq/ahb_base_seq.sv(157) @ 5075000: uvm_test_top.env.master_agent.sqr@@seq [ahb_idle_seq] AHB_BURST_INCR AHB_SIZE_32B beat 3 @0x0000f3dc ok
# UVM_INFO ../src/mst_seq/ahb_base_seq.sv(157) @ 5075000: uvm_test_top.env.master_agent.sqr@@seq [ahb_idle_seq] AHB_BURST_INCR AHB_SIZE_32B beat 4 @0x0000f3e0 ok
# UVM_INFO ../src/mst_seq/ahb_base_seq.sv(157) @ 5075000: uvm_test_top.env.master_agent.sqr@@seq [ahb_idle_seq] AHB_BURST_INCR AHB_SIZE_32B beat 5 @0x0000f3e4 ok
# UVM_INFO ../src/mst_seq/ahb_base_seq.sv(157) @ 5075000: uvm_test_top.env.master_agent.sqr@@seq [ahb_idle_seq] AHB_BURST_INCR AHB_SIZE_32B beat 6 @0x0000f3e8 ok
# UVM_INFO ../src/mst_seq/ahb_base_seq.sv(157) @ 5075000: uvm_test_top.env.master_agent.sqr@@seq [ahb_idle_seq] AHB_BURST_INCR AHB_SIZE_32B beat 7 @0x0000f3ec ok
# UVM_INFO ../src/mst_seq/ahb_idle_seq.sv(324) @ 5075000: uvm_test_top.env.master_agent.sqr@@seq [ahb_idle_seq] [in-wait] AHB_BURST_WRAP8 AHB_SIZE_8B @0x0000f43d, 8 beats
# UVM_INFO ../src/mst/ahb_master_driver.sv(85) @ 5075000: uvm_test_top.env.master_agent.drv [ahb_master_driver] Queueing [AHB_WRITE]: HADDR=0x0000f43d, HBURST=AHB_BURST_WRAP8, HSIZE=AHB_SIZE_8B, 8 beats
# UVM_INFO ../src/mst/ahb_master_driver.sv(127) @ 5075000: uvm_test_top.env.master_agent.drv [ahb_master_driver] Driving [AHB_WRITE]: HADDR=0x0000f43d, HBURST=AHB_BURST_WRAP8, HSIZE=AHB_SIZE_8B, 8 beats               
# UVM_INFO ../src/mst/ahb_master_driver.sv(85) @ 5075000: uvm_test_top.env.master_agent.drv [ahb_master_driver] Queueing [AHB_READ]: HADDR=0x0000f43d, HBURST=AHB_BURST_WRAP8, HSIZE=AHB_SIZE_8B, 8 beats
# UVM_INFO ../src/mst/ahb_master_driver.sv(332) @ 5125000: uvm_test_top.env.master_agent.drv [ahb_master_driver] Beat[0/8] addr=0x0000f43d trans=AHB_TRANS_NONSEQ resp=AHB_RESP_OKAY wdata=0xfdffc4eb
# UVM_INFO ../src/slv/ahb_slave_driver.sv(184) @ 5125000: uvm_test_top.env.slave_agent.drv [ahb_slave_driver] Beat AHB_WRITE addr=0x0000f43d resp=AHB_RESP_OKAY waits=2 wdata=0xfdffc4eb
# UVM_INFO ../src/mst/ahb_master_monitor.sv(117) @ 5125000: uvm_test_top.env.master_agent.mon [ahb_master_monitor] Beat[0] addr=0x0000f43d wdata=0xfdffc4eb resp=AHB_RESP_OKAY
# UVM_INFO ../src/mst/ahb_master_driver.sv(332) @ 5155000: uvm_test_top.env.master_agent.drv [ahb_master_driver] Beat[1/8] addr=0x0000f43e trans=AHB_TRANS_SEQ resp=AHB_RESP_OKAY wdata=0xb99cca7c
# UVM_INFO ../src/slv/ahb_slave_driver.sv(184) @ 5155000: uvm_test_top.env.slave_agent.drv [ahb_slave_driver] Beat AHB_WRITE addr=0x0000f43e resp=AHB_RESP_OKAY waits=2 wdata=0xb99cca7c
# UVM_INFO ../src/mst/ahb_master_monitor.sv(117) @ 5155000: uvm_test_top.env.master_agent.mon [ahb_master_monitor] Beat[1] addr=0x0000f43e wdata=0xb99cca7c resp=AHB_RESP_OKAY
# UVM_INFO ../src/mst/ahb_master_driver.sv(332) @ 5185000: uvm_test_top.env.master_agent.drv [ahb_master_driver] Beat[2/8] addr=0x0000f43f trans=AHB_TRANS_SEQ resp=AHB_RESP_OKAY wdata=0xa5760266
# UVM_INFO ../src/slv/ahb_slave_driver.sv(184) @ 5185000: uvm_test_top.env.slave_agent.drv [ahb_slave_driver] Beat AHB_WRITE addr=0x0000f43f resp=AHB_RESP_OKAY waits=2 wdata=0xa5760266
# UVM_INFO ../src/mst/ahb_master_monitor.sv(117) @ 5185000: uvm_test_top.env.master_agent.mon [ahb_master_monitor] Beat[2] addr=0x0000f43f wdata=0xa5760266 resp=AHB_RESP_OKAY
# UVM_INFO ../src/mst/ahb_master_driver.sv(332) @ 5225000: uvm_test_top.env.master_agent.drv [ahb_master_driver] Beat[3/8] addr=0x0000f438 trans=AHB_TRANS_SEQ resp=AHB_RESP_OKAY wdata=0xef1b4bf1
# UVM_INFO ../src/slv/ahb_slave_driver.sv(184) @ 5225000: uvm_test_top.env.slave_agent.drv [ahb_slave_driver] Beat AHB_WRITE addr=0x0000f438 resp=AHB_RESP_OKAY waits=3 wdata=0xef1b4bf1
# UVM_INFO ../src/mst/ahb_master_monitor.sv(117) @ 5225000: uvm_test_top.env.master_agent.mon [ahb_master_monitor] Beat[3] addr=0x0000f438 wdata=0xef1b4bf1 resp=AHB_RESP_OKAY
# UVM_INFO ../src/mst/ahb_master_driver.sv(332) @ 5255000: uvm_test_top.env.master_agent.drv [ahb_master_driver] Beat[4/8] addr=0x0000f439 trans=AHB_TRANS_SEQ resp=AHB_RESP_OKAY wdata=0x2c962e4c
# UVM_INFO ../src/slv/ahb_slave_driver.sv(184) @ 5255000: uvm_test_top.env.slave_agent.drv [ahb_slave_driver] Beat AHB_WRITE addr=0x0000f439 resp=AHB_RESP_OKAY waits=2 wdata=0x2c962e4c
# UVM_INFO ../src/mst/ahb_master_monitor.sv(117) @ 5255000: uvm_test_top.env.master_agent.mon [ahb_master_monitor] Beat[4] addr=0x0000f439 wdata=0x2c962e4c resp=AHB_RESP_OKAY
# UVM_INFO ../src/mst/ahb_master_driver.sv(332) @ 5275000: uvm_test_top.env.master_agent.drv [ahb_master_driver] Beat[5/8] addr=0x0000f43a trans=AHB_TRANS_SEQ resp=AHB_RESP_OKAY wdata=0x701814b0
# UVM_INFO ../src/slv/ahb_slave_driver.sv(184) @ 5275000: uvm_test_top.env.slave_agent.drv [ahb_slave_driver] Beat AHB_WRITE addr=0x0000f43a resp=AHB_RESP_OKAY waits=1 wdata=0x701814b0
# UVM_INFO ../src/mst/ahb_master_monitor.sv(117) @ 5275000: uvm_test_top.env.master_agent.mon [ahb_master_monitor] Beat[5] addr=0x0000f43a wdata=0x701814b0 resp=AHB_RESP_OKAY
# UVM_INFO ../src/mst/ahb_master_driver.sv(332) @ 5295000: uvm_test_top.env.master_agent.drv [ahb_master_driver] Beat[6/8] addr=0x0000f43b trans=AHB_TRANS_SEQ resp=AHB_RESP_OKAY wdata=0xef50a76a
# UVM_INFO ../src/slv/ahb_slave_driver.sv(184) @ 5295000: uvm_test_top.env.slave_agent.drv [ahb_slave_driver] Beat AHB_WRITE addr=0x0000f43b resp=AHB_RESP_OKAY waits=1 wdata=0xef50a76a
# UVM_INFO ../src/mst/ahb_master_monitor.sv(117) @ 5295000: uvm_test_top.env.master_agent.mon [ahb_master_monitor] Beat[6] addr=0x0000f43b wdata=0xef50a76a resp=AHB_RESP_OKAY
# UVM_INFO ../src/mst/ahb_master_driver.sv(332) @ 5315000: uvm_test_top.env.master_agent.drv [ahb_master_driver] Beat[7/8] addr=0x0000f43c trans=AHB_TRANS_SEQ resp=AHB_RESP_OKAY wdata=0xca6d76d2
# UVM_INFO ../src/mst/ahb_master_driver.sv(376) @ 5315000: uvm_test_top.env.master_agent.drv [ahb_master_driver] Transaction complete: AHB_WRITE 0x0000f43d, 8 beats, burst=AHB_BURST_WRAP8
# UVM_INFO ../src/mst/ahb_master_driver.sv(127) @ 5315000: uvm_test_top.env.master_agent.drv [ahb_master_driver] Driving [AHB_READ]: HADDR=0x0000f43d, HBURST=AHB_BURST_WRAP8, HSIZE=AHB_SIZE_8B, 8 beats (back-to-back)
# UVM_INFO ../src/slv/ahb_slave_driver.sv(184) @ 5315000: uvm_test_top.env.slave_agent.drv [ahb_slave_driver] Beat AHB_WRITE addr=0x0000f43c resp=AHB_RESP_OKAY waits=1 wdata=0xca6d76d2
# UVM_INFO ../src/slv/ahb_slave_monitor.sv(197) @ 5315000: uvm_test_top.env.slave_agent.mon [ahb_slave_monitor] Observed [AHB_WRITE]: HADDR=0x0000f43d, HBURST=AHB_BURST_WRAP8, HSIZE=AHB_SIZE_8B, 8 beats
# UVM_INFO ../src/env/ahb_coverage.sv(126) @ 5315000: uvm_test_top.env.slave_cov [ahb_coverage] Sampled [AHB_WRITE]: burst=AHB_BURST_WRAP8 size=AHB_SIZE_8B beats=8 error=0
# UVM_INFO ../src/mst/ahb_master_monitor.sv(117) @ 5315000: uvm_test_top.env.master_agent.mon [ahb_master_monitor] Beat[7] addr=0x0000f43c wdata=0xca6d76d2 resp=AHB_RESP_OKAY
# UVM_INFO ../src/mst/ahb_master_monitor.sv(220) @ 5315000: uvm_test_top.env.master_agent.mon [ahb_master_monitor] Observed [AHB_WRITE]: HADDR=0x0000f43d, HBURST=AHB_BURST_WRAP8, HSIZE=AHB_SIZE_8B, 8 beats
# UVM_INFO ../src/env/ahb_coverage.sv(126) @ 5315000: uvm_test_top.env.master_cov [ahb_coverage] Sampled [AHB_WRITE]: burst=AHB_BURST_WRAP8 size=AHB_SIZE_8B beats=8 error=0
# UVM_INFO ../src/env/ahb_scoreboard.sv(104) @ 5315000: uvm_test_top.env.scb [ahb_scoreboard] MATCH #33: [AHB_WRITE] HADDR=0x0000f43d AHB_BURST_WRAP8 8 beats
# UVM_INFO ../src/mst/ahb_master_driver.sv(332) @ 5335000: uvm_test_top.env.master_agent.drv [ahb_master_driver] Beat[0/8] addr=0x0000f43d trans=AHB_TRANS_NONSEQ resp=AHB_RESP_OKAY rdata=0xfdffc4eb
# UVM_INFO ../src/slv/ahb_slave_driver.sv(184) @ 5335000: uvm_test_top.env.slave_agent.drv [ahb_slave_driver] Beat AHB_READ addr=0x0000f43d resp=AHB_RESP_OKAY waits=1 rdata=0xfdffc4eb
# UVM_INFO ../src/mst/ahb_master_monitor.sv(117) @ 5335000: uvm_test_top.env.master_agent.mon [ahb_master_monitor] Beat[0] addr=0x0000f43d rdata=0xfdffc4eb resp=AHB_RESP_OKAY
# UVM_INFO ../src/mst/ahb_master_driver.sv(332) @ 5365000: uvm_test_top.env.master_agent.drv [ahb_master_driver] Beat[1/8] addr=0x0000f43e trans=AHB_TRANS_SEQ resp=AHB_RESP_OKAY rdata=0xb99cca7c
# UVM_INFO ../src/slv/ahb_slave_driver.sv(184) @ 5365000: uvm_test_top.env.slave_agent.drv [ahb_slave_driver] Beat AHB_READ addr=0x0000f43e resp=AHB_RESP_OKAY waits=2 rdata=0xb99cca7c
# UVM_INFO ../src/mst/ahb_master_monitor.sv(117) @ 5365000: uvm_test_top.env.master_agent.mon [ahb_master_monitor] Beat[1] addr=0x0000f43e rdata=0xb99cca7c resp=AHB_RESP_OKAY
# UVM_INFO ../src/mst/ahb_master_driver.sv(332) @ 5385000: uvm_test_top.env.master_agent.drv [ahb_master_driver] Beat[2/8] addr=0x0000f43f trans=AHB_TRANS_SEQ resp=AHB_RESP_OKAY rdata=0xa5760266
# UVM_INFO ../src/slv/ahb_slave_driver.sv(184) @ 5385000: uvm_test_top.env.slave_agent.drv [ahb_slave_driver] Beat AHB_READ addr=0x0000f43f resp=AHB_RESP_OKAY waits=1 rdata=0xa5760266
# UVM_INFO ../src/mst/ahb_master_monitor.sv(117) @ 5385000: uvm_test_top.env.master_agent.mon [ahb_master_monitor] Beat[2] addr=0x0000f43f rdata=0xa5760266 resp=AHB_RESP_OKAY
# UVM_INFO ../src/mst/ahb_master_driver.sv(332) @ 5425000: uvm_test_top.env.master_agent.drv [ahb_master_driver] Beat[3/8] addr=0x0000f438 trans=AHB_TRANS_SEQ resp=AHB_RESP_OKAY rdata=0xef1b4bf1
# UVM_INFO ../src/slv/ahb_slave_driver.sv(184) @ 5425000: uvm_test_top.env.slave_agent.drv [ahb_slave_driver] Beat AHB_READ addr=0x0000f438 resp=AHB_RESP_OKAY waits=3 rdata=0xef1b4bf1
# UVM_INFO ../src/mst/ahb_master_monitor.sv(117) @ 5425000: uvm_test_top.env.master_agent.mon [ahb_master_monitor] Beat[3] addr=0x0000f438 rdata=0xef1b4bf1 resp=AHB_RESP_OKAY
# UVM_INFO ../src/mst/ahb_master_driver.sv(332) @ 5455000: uvm_test_top.env.master_agent.drv [ahb_master_driver] Beat[4/8] addr=0x0000f439 trans=AHB_TRANS_SEQ resp=AHB_RESP_OKAY rdata=0x2c962e4c
# UVM_INFO ../src/slv/ahb_slave_driver.sv(184) @ 5455000: uvm_test_top.env.slave_agent.drv [ahb_slave_driver] Beat AHB_READ addr=0x0000f439 resp=AHB_RESP_OKAY waits=2 rdata=0x2c962e4c
# UVM_INFO ../src/mst/ahb_master_monitor.sv(117) @ 5455000: uvm_test_top.env.master_agent.mon [ahb_master_monitor] Beat[4] addr=0x0000f439 rdata=0x2c962e4c resp=AHB_RESP_OKAY
# UVM_INFO ../src/mst/ahb_master_driver.sv(332) @ 5475000: uvm_test_top.env.master_agent.drv [ahb_master_driver] Beat[5/8] addr=0x0000f43a trans=AHB_TRANS_SEQ resp=AHB_RESP_OKAY rdata=0x701814b0
# UVM_INFO ../src/slv/ahb_slave_driver.sv(184) @ 5475000: uvm_test_top.env.slave_agent.drv [ahb_slave_driver] Beat AHB_READ addr=0x0000f43a resp=AHB_RESP_OKAY waits=1 rdata=0x701814b0
# UVM_INFO ../src/mst/ahb_master_monitor.sv(117) @ 5475000: uvm_test_top.env.master_agent.mon [ahb_master_monitor] Beat[5] addr=0x0000f43a rdata=0x701814b0 resp=AHB_RESP_OKAY
# UVM_INFO ../src/mst/ahb_master_driver.sv(332) @ 5505000: uvm_test_top.env.master_agent.drv [ahb_master_driver] Beat[6/8] addr=0x0000f43b trans=AHB_TRANS_SEQ resp=AHB_RESP_OKAY rdata=0xef50a76a
# UVM_INFO ../src/slv/ahb_slave_driver.sv(184) @ 5505000: uvm_test_top.env.slave_agent.drv [ahb_slave_driver] Beat AHB_READ addr=0x0000f43b resp=AHB_RESP_OKAY waits=2 rdata=0xef50a76a
# UVM_INFO ../src/mst/ahb_master_monitor.sv(117) @ 5505000: uvm_test_top.env.master_agent.mon [ahb_master_monitor] Beat[6] addr=0x0000f43b rdata=0xef50a76a resp=AHB_RESP_OKAY
# UVM_INFO ../src/mst/ahb_master_driver.sv(332) @ 5545000: uvm_test_top.env.master_agent.drv [ahb_master_driver] Beat[7/8] addr=0x0000f43c trans=AHB_TRANS_SEQ resp=AHB_RESP_OKAY rdata=0xca6d76d2
# UVM_INFO ../src/mst/ahb_master_driver.sv(376) @ 5545000: uvm_test_top.env.master_agent.drv [ahb_master_driver] Transaction complete: AHB_READ 0x0000f43d, 8 beats, burst=AHB_BURST_WRAP8
# UVM_INFO ../src/slv/ahb_slave_driver.sv(184) @ 5545000: uvm_test_top.env.slave_agent.drv [ahb_slave_driver] Beat AHB_READ addr=0x0000f43c resp=AHB_RESP_OKAY waits=3 rdata=0xca6d76d2
# UVM_INFO ../src/mst/ahb_master_monitor.sv(117) @ 5545000: uvm_test_top.env.master_agent.mon [ahb_master_monitor] Beat[7] addr=0x0000f43c rdata=0xca6d76d2 resp=AHB_RESP_OKAY
# UVM_INFO ../src/mst/ahb_master_monitor.sv(220) @ 5545000: uvm_test_top.env.master_agent.mon [ahb_master_monitor] Observed [AHB_READ]: HADDR=0x0000f43d, HBURST=AHB_BURST_WRAP8, HSIZE=AHB_SIZE_8B, 8 beats
# UVM_INFO ../src/env/ahb_coverage.sv(126) @ 5545000: uvm_test_top.env.master_cov [ahb_coverage] Sampled [AHB_READ]: burst=AHB_BURST_WRAP8 size=AHB_SIZE_8B beats=8 error=0
# UVM_INFO ../src/slv/ahb_slave_monitor.sv(197) @ 5545000: uvm_test_top.env.slave_agent.mon [ahb_slave_monitor] Observed [AHB_READ]: HADDR=0x0000f43d, HBURST=AHB_BURST_WRAP8, HSIZE=AHB_SIZE_8B, 8 beats
# UVM_INFO ../src/env/ahb_scoreboard.sv(104) @ 5545000: uvm_test_top.env.scb [ahb_scoreboard] MATCH #34: [AHB_READ] HADDR=0x0000f43d AHB_BURST_WRAP8 8 beats
# UVM_INFO ../src/env/ahb_coverage.sv(126) @ 5545000: uvm_test_top.env.slave_cov [ahb_coverage] Sampled [AHB_READ]: burst=AHB_BURST_WRAP8 size=AHB_SIZE_8B beats=8 error=0
# UVM_INFO ../src/mst_seq/ahb_base_seq.sv(157) @ 5545000: uvm_test_top.env.master_agent.sqr@@seq [ahb_idle_seq] AHB_BURST_WRAP8 AHB_SIZE_8B beat 0 @0x0000f43d ok
# UVM_INFO ../src/mst_seq/ahb_base_seq.sv(157) @ 5545000: uvm_test_top.env.master_agent.sqr@@seq [ahb_idle_seq] AHB_BURST_WRAP8 AHB_SIZE_8B beat 1 @0x0000f43e ok
# UVM_INFO ../src/mst_seq/ahb_base_seq.sv(157) @ 5545000: uvm_test_top.env.master_agent.sqr@@seq [ahb_idle_seq] AHB_BURST_WRAP8 AHB_SIZE_8B beat 2 @0x0000f43f ok
# UVM_INFO ../src/mst_seq/ahb_base_seq.sv(157) @ 5545000: uvm_test_top.env.master_agent.sqr@@seq [ahb_idle_seq] AHB_BURST_WRAP8 AHB_SIZE_8B beat 3 @0x0000f438 ok
# UVM_INFO ../src/mst_seq/ahb_base_seq.sv(157) @ 5545000: uvm_test_top.env.master_agent.sqr@@seq [ahb_idle_seq] AHB_BURST_WRAP8 AHB_SIZE_8B beat 4 @0x0000f439 ok
# UVM_INFO ../src/mst_seq/ahb_base_seq.sv(157) @ 5545000: uvm_test_top.env.master_agent.sqr@@seq [ahb_idle_seq] AHB_BURST_WRAP8 AHB_SIZE_8B beat 5 @0x0000f43a ok
# UVM_INFO ../src/mst_seq/ahb_base_seq.sv(157) @ 5545000: uvm_test_top.env.master_agent.sqr@@seq [ahb_idle_seq] AHB_BURST_WRAP8 AHB_SIZE_8B beat 6 @0x0000f43b ok
# UVM_INFO ../src/mst_seq/ahb_base_seq.sv(157) @ 5545000: uvm_test_top.env.master_agent.sqr@@seq [ahb_idle_seq] AHB_BURST_WRAP8 AHB_SIZE_8B beat 7 @0x0000f43c ok
# UVM_INFO ../src/mst_seq/ahb_idle_seq.sv(324) @ 5575000: uvm_test_top.env.master_agent.sqr@@seq [ahb_idle_seq] [in-wait] AHB_BURST_INCR8 AHB_SIZE_8B @0x0000f469, 8 beats
# UVM_INFO ../src/mst/ahb_master_driver.sv(85) @ 5575000: uvm_test_top.env.master_agent.drv [ahb_master_driver] Queueing [AHB_WRITE]: HADDR=0x0000f469, HBURST=AHB_BURST_INCR8, HSIZE=AHB_SIZE_8B, 8 beats
# UVM_INFO ../src/mst/ahb_master_driver.sv(127) @ 5575000: uvm_test_top.env.master_agent.drv [ahb_master_driver] Driving [AHB_WRITE]: HADDR=0x0000f469, HBURST=AHB_BURST_INCR8, HSIZE=AHB_SIZE_8B, 8 beats               
# UVM_INFO ../src/mst/ahb_master_driver.sv(85) @ 5575000: uvm_test_top.env.master_agent.drv [ahb_master_driver] Queueing [AHB_READ]: HADDR=0x0000f469, HBURST=AHB_BURST_INCR8, HSIZE=AHB_SIZE_8B, 8 beats
# UVM_INFO ../src/mst/ahb_master_driver.sv(332) @ 5625000: uvm_test_top.env.master_agent.drv [ahb_master_driver] Beat[0/8] addr=0x0000f469 trans=AHB_TRANS_NONSEQ resp=AHB_RESP_OKAY wdata=0xcb9ae6bb
# UVM_INFO ../src/slv/ahb_slave_driver.sv(184) @ 5625000: uvm_test_top.env.slave_agent.drv [ahb_slave_driver] Beat AHB_WRITE addr=0x0000f469 resp=AHB_RESP_OKAY waits=2 wdata=0xcb9ae6bb
# UVM_INFO ../src/mst/ahb_master_monitor.sv(117) @ 5625000: uvm_test_top.env.master_agent.mon [ahb_master_monitor] Beat[0] addr=0x0000f469 wdata=0xcb9ae6bb resp=AHB_RESP_OKAY
# UVM_INFO ../src/mst/ahb_master_driver.sv(332) @ 5645000: uvm_test_top.env.master_agent.drv [ahb_master_driver] Beat[1/8] addr=0x0000f46a trans=AHB_TRANS_SEQ resp=AHB_RESP_OKAY wdata=0xfe507a41
# UVM_INFO ../src/slv/ahb_slave_driver.sv(184) @ 5645000: uvm_test_top.env.slave_agent.drv [ahb_slave_driver] Beat AHB_WRITE addr=0x0000f46a resp=AHB_RESP_OKAY waits=1 wdata=0xfe507a41
# UVM_INFO ../src/mst/ahb_master_monitor.sv(117) @ 5645000: uvm_test_top.env.master_agent.mon [ahb_master_monitor] Beat[1] addr=0x0000f46a wdata=0xfe507a41 resp=AHB_RESP_OKAY
# UVM_INFO ../src/mst/ahb_master_driver.sv(332) @ 5675000: uvm_test_top.env.master_agent.drv [ahb_master_driver] Beat[2/8] addr=0x0000f46b trans=AHB_TRANS_SEQ resp=AHB_RESP_OKAY wdata=0x2f60a557
# UVM_INFO ../src/slv/ahb_slave_driver.sv(184) @ 5675000: uvm_test_top.env.slave_agent.drv [ahb_slave_driver] Beat AHB_WRITE addr=0x0000f46b resp=AHB_RESP_OKAY waits=2 wdata=0x2f60a557
# UVM_INFO ../src/mst/ahb_master_monitor.sv(117) @ 5675000: uvm_test_top.env.master_agent.mon [ahb_master_monitor] Beat[2] addr=0x0000f46b wdata=0x2f60a557 resp=AHB_RESP_OKAY
# UVM_INFO ../src/mst/ahb_master_driver.sv(332) @ 5695000: uvm_test_top.env.master_agent.drv [ahb_master_driver] Beat[3/8] addr=0x0000f46c trans=AHB_TRANS_SEQ resp=AHB_RESP_OKAY wdata=0x2627f88b
# UVM_INFO ../src/slv/ahb_slave_driver.sv(184) @ 5695000: uvm_test_top.env.slave_agent.drv [ahb_slave_driver] Beat AHB_WRITE addr=0x0000f46c resp=AHB_RESP_OKAY waits=1 wdata=0x2627f88b
# UVM_INFO ../src/mst/ahb_master_monitor.sv(117) @ 5695000: uvm_test_top.env.master_agent.mon [ahb_master_monitor] Beat[3] addr=0x0000f46c wdata=0x2627f88b resp=AHB_RESP_OKAY
# UVM_INFO ../src/mst/ahb_master_driver.sv(332) @ 5735000: uvm_test_top.env.master_agent.drv [ahb_master_driver] Beat[4/8] addr=0x0000f46d trans=AHB_TRANS_SEQ resp=AHB_RESP_OKAY wdata=0x89615c3e
# UVM_INFO ../src/slv/ahb_slave_driver.sv(184) @ 5735000: uvm_test_top.env.slave_agent.drv [ahb_slave_driver] Beat AHB_WRITE addr=0x0000f46d resp=AHB_RESP_OKAY waits=3 wdata=0x89615c3e
# UVM_INFO ../src/mst/ahb_master_monitor.sv(117) @ 5735000: uvm_test_top.env.master_agent.mon [ahb_master_monitor] Beat[4] addr=0x0000f46d wdata=0x89615c3e resp=AHB_RESP_OKAY
# UVM_INFO ../src/mst/ahb_master_driver.sv(332) @ 5775000: uvm_test_top.env.master_agent.drv [ahb_master_driver] Beat[5/8] addr=0x0000f46e trans=AHB_TRANS_SEQ resp=AHB_RESP_OKAY wdata=0x6fa8bed5
# UVM_INFO ../src/slv/ahb_slave_driver.sv(184) @ 5775000: uvm_test_top.env.slave_agent.drv [ahb_slave_driver] Beat AHB_WRITE addr=0x0000f46e resp=AHB_RESP_OKAY waits=3 wdata=0x6fa8bed5
# UVM_INFO ../src/mst/ahb_master_monitor.sv(117) @ 5775000: uvm_test_top.env.master_agent.mon [ahb_master_monitor] Beat[5] addr=0x0000f46e wdata=0x6fa8bed5 resp=AHB_RESP_OKAY
# UVM_INFO ../src/mst/ahb_master_driver.sv(332) @ 5815000: uvm_test_top.env.master_agent.drv [ahb_master_driver] Beat[6/8] addr=0x0000f46f trans=AHB_TRANS_SEQ resp=AHB_RESP_OKAY wdata=0xc7255d11
# UVM_INFO ../src/slv/ahb_slave_driver.sv(184) @ 5815000: uvm_test_top.env.slave_agent.drv [ahb_slave_driver] Beat AHB_WRITE addr=0x0000f46f resp=AHB_RESP_OKAY waits=3 wdata=0xc7255d11
# UVM_INFO ../src/mst/ahb_master_monitor.sv(117) @ 5815000: uvm_test_top.env.master_agent.mon [ahb_master_monitor] Beat[6] addr=0x0000f46f wdata=0xc7255d11 resp=AHB_RESP_OKAY
# UVM_INFO ../src/mst/ahb_master_driver.sv(332) @ 5835000: uvm_test_top.env.master_agent.drv [ahb_master_driver] Beat[7/8] addr=0x0000f470 trans=AHB_TRANS_SEQ resp=AHB_RESP_OKAY wdata=0x3bb6a905
# UVM_INFO ../src/mst/ahb_master_driver.sv(376) @ 5835000: uvm_test_top.env.master_agent.drv [ahb_master_driver] Transaction complete: AHB_WRITE 0x0000f469, 8 beats, burst=AHB_BURST_INCR8
# UVM_INFO ../src/mst/ahb_master_driver.sv(127) @ 5835000: uvm_test_top.env.master_agent.drv [ahb_master_driver] Driving [AHB_READ]: HADDR=0x0000f469, HBURST=AHB_BURST_INCR8, HSIZE=AHB_SIZE_8B, 8 beats (back-to-back)
# UVM_INFO ../src/slv/ahb_slave_driver.sv(184) @ 5835000: uvm_test_top.env.slave_agent.drv [ahb_slave_driver] Beat AHB_WRITE addr=0x0000f470 resp=AHB_RESP_OKAY waits=1 wdata=0x3bb6a905
# UVM_INFO ../src/slv/ahb_slave_monitor.sv(197) @ 5835000: uvm_test_top.env.slave_agent.mon [ahb_slave_monitor] Observed [AHB_WRITE]: HADDR=0x0000f469, HBURST=AHB_BURST_INCR8, HSIZE=AHB_SIZE_8B, 8 beats
# UVM_INFO ../src/env/ahb_coverage.sv(126) @ 5835000: uvm_test_top.env.slave_cov [ahb_coverage] Sampled [AHB_WRITE]: burst=AHB_BURST_INCR8 size=AHB_SIZE_8B beats=8 error=0
# UVM_INFO ../src/mst/ahb_master_monitor.sv(117) @ 5835000: uvm_test_top.env.master_agent.mon [ahb_master_monitor] Beat[7] addr=0x0000f470 wdata=0x3bb6a905 resp=AHB_RESP_OKAY
# UVM_INFO ../src/mst/ahb_master_monitor.sv(220) @ 5835000: uvm_test_top.env.master_agent.mon [ahb_master_monitor] Observed [AHB_WRITE]: HADDR=0x0000f469, HBURST=AHB_BURST_INCR8, HSIZE=AHB_SIZE_8B, 8 beats
# UVM_INFO ../src/env/ahb_coverage.sv(126) @ 5835000: uvm_test_top.env.master_cov [ahb_coverage] Sampled [AHB_WRITE]: burst=AHB_BURST_INCR8 size=AHB_SIZE_8B beats=8 error=0
# UVM_INFO ../src/env/ahb_scoreboard.sv(104) @ 5835000: uvm_test_top.env.scb [ahb_scoreboard] MATCH #35: [AHB_WRITE] HADDR=0x0000f469 AHB_BURST_INCR8 8 beats
# UVM_INFO ../src/mst/ahb_master_driver.sv(332) @ 5865000: uvm_test_top.env.master_agent.drv [ahb_master_driver] Beat[0/8] addr=0x0000f469 trans=AHB_TRANS_NONSEQ resp=AHB_RESP_OKAY rdata=0xcb9ae6bb
# UVM_INFO ../src/slv/ahb_slave_driver.sv(184) @ 5865000: uvm_test_top.env.slave_agent.drv [ahb_slave_driver] Beat AHB_READ addr=0x0000f469 resp=AHB_RESP_OKAY waits=2 rdata=0xcb9ae6bb
# UVM_INFO ../src/mst/ahb_master_monitor.sv(117) @ 5865000: uvm_test_top.env.master_agent.mon [ahb_master_monitor] Beat[0] addr=0x0000f469 rdata=0xcb9ae6bb resp=AHB_RESP_OKAY
# UVM_INFO ../src/mst/ahb_master_driver.sv(332) @ 5895000: uvm_test_top.env.master_agent.drv [ahb_master_driver] Beat[1/8] addr=0x0000f46a trans=AHB_TRANS_SEQ resp=AHB_RESP_OKAY rdata=0xfe507a41
# UVM_INFO ../src/slv/ahb_slave_driver.sv(184) @ 5895000: uvm_test_top.env.slave_agent.drv [ahb_slave_driver] Beat AHB_READ addr=0x0000f46a resp=AHB_RESP_OKAY waits=2 rdata=0xfe507a41
# UVM_INFO ../src/mst/ahb_master_monitor.sv(117) @ 5895000: uvm_test_top.env.master_agent.mon [ahb_master_monitor] Beat[1] addr=0x0000f46a rdata=0xfe507a41 resp=AHB_RESP_OKAY
# UVM_INFO ../src/mst/ahb_master_driver.sv(332) @ 5915000: uvm_test_top.env.master_agent.drv [ahb_master_driver] Beat[2/8] addr=0x0000f46b trans=AHB_TRANS_SEQ resp=AHB_RESP_OKAY rdata=0x2f60a557
# UVM_INFO ../src/slv/ahb_slave_driver.sv(184) @ 5915000: uvm_test_top.env.slave_agent.drv [ahb_slave_driver] Beat AHB_READ addr=0x0000f46b resp=AHB_RESP_OKAY waits=1 rdata=0x2f60a557
# UVM_INFO ../src/mst/ahb_master_monitor.sv(117) @ 5915000: uvm_test_top.env.master_agent.mon [ahb_master_monitor] Beat[2] addr=0x0000f46b rdata=0x2f60a557 resp=AHB_RESP_OKAY
# UVM_INFO ../src/mst/ahb_master_driver.sv(332) @ 5945000: uvm_test_top.env.master_agent.drv [ahb_master_driver] Beat[3/8] addr=0x0000f46c trans=AHB_TRANS_SEQ resp=AHB_RESP_OKAY rdata=0x2627f88b
# UVM_INFO ../src/slv/ahb_slave_driver.sv(184) @ 5945000: uvm_test_top.env.slave_agent.drv [ahb_slave_driver] Beat AHB_READ addr=0x0000f46c resp=AHB_RESP_OKAY waits=2 rdata=0x2627f88b
# UVM_INFO ../src/mst/ahb_master_monitor.sv(117) @ 5945000: uvm_test_top.env.master_agent.mon [ahb_master_monitor] Beat[3] addr=0x0000f46c rdata=0x2627f88b resp=AHB_RESP_OKAY
# UVM_INFO ../src/mst/ahb_master_driver.sv(332) @ 5965000: uvm_test_top.env.master_agent.drv [ahb_master_driver] Beat[4/8] addr=0x0000f46d trans=AHB_TRANS_SEQ resp=AHB_RESP_OKAY rdata=0x89615c3e
# UVM_INFO ../src/slv/ahb_slave_driver.sv(184) @ 5965000: uvm_test_top.env.slave_agent.drv [ahb_slave_driver] Beat AHB_READ addr=0x0000f46d resp=AHB_RESP_OKAY waits=1 rdata=0x89615c3e
# UVM_INFO ../src/mst/ahb_master_monitor.sv(117) @ 5965000: uvm_test_top.env.master_agent.mon [ahb_master_monitor] Beat[4] addr=0x0000f46d rdata=0x89615c3e resp=AHB_RESP_OKAY
# UVM_INFO ../src/mst/ahb_master_driver.sv(332) @ 5985000: uvm_test_top.env.master_agent.drv [ahb_master_driver] Beat[5/8] addr=0x0000f46e trans=AHB_TRANS_SEQ resp=AHB_RESP_OKAY rdata=0x6fa8bed5
# UVM_INFO ../src/slv/ahb_slave_driver.sv(184) @ 5985000: uvm_test_top.env.slave_agent.drv [ahb_slave_driver] Beat AHB_READ addr=0x0000f46e resp=AHB_RESP_OKAY waits=1 rdata=0x6fa8bed5
# UVM_INFO ../src/mst/ahb_master_monitor.sv(117) @ 5985000: uvm_test_top.env.master_agent.mon [ahb_master_monitor] Beat[5] addr=0x0000f46e rdata=0x6fa8bed5 resp=AHB_RESP_OKAY
# UVM_INFO ../src/mst/ahb_master_driver.sv(332) @ 6015000: uvm_test_top.env.master_agent.drv [ahb_master_driver] Beat[6/8] addr=0x0000f46f trans=AHB_TRANS_SEQ resp=AHB_RESP_OKAY rdata=0xc7255d11
# UVM_INFO ../src/slv/ahb_slave_driver.sv(184) @ 6015000: uvm_test_top.env.slave_agent.drv [ahb_slave_driver] Beat AHB_READ addr=0x0000f46f resp=AHB_RESP_OKAY waits=2 rdata=0xc7255d11
# UVM_INFO ../src/mst/ahb_master_monitor.sv(117) @ 6015000: uvm_test_top.env.master_agent.mon [ahb_master_monitor] Beat[6] addr=0x0000f46f rdata=0xc7255d11 resp=AHB_RESP_OKAY
# UVM_INFO ../src/mst/ahb_master_driver.sv(332) @ 6055000: uvm_test_top.env.master_agent.drv [ahb_master_driver] Beat[7/8] addr=0x0000f470 trans=AHB_TRANS_SEQ resp=AHB_RESP_OKAY rdata=0x3bb6a905
# UVM_INFO ../src/mst/ahb_master_driver.sv(376) @ 6055000: uvm_test_top.env.master_agent.drv [ahb_master_driver] Transaction complete: AHB_READ 0x0000f469, 8 beats, burst=AHB_BURST_INCR8
# UVM_INFO ../src/slv/ahb_slave_driver.sv(184) @ 6055000: uvm_test_top.env.slave_agent.drv [ahb_slave_driver] Beat AHB_READ addr=0x0000f470 resp=AHB_RESP_OKAY waits=3 rdata=0x3bb6a905
# UVM_INFO ../src/slv/ahb_slave_monitor.sv(197) @ 6055000: uvm_test_top.env.slave_agent.mon [ahb_slave_monitor] Observed [AHB_READ]: HADDR=0x0000f469, HBURST=AHB_BURST_INCR8, HSIZE=AHB_SIZE_8B, 8 beats
# UVM_INFO ../src/env/ahb_coverage.sv(126) @ 6055000: uvm_test_top.env.slave_cov [ahb_coverage] Sampled [AHB_READ]: burst=AHB_BURST_INCR8 size=AHB_SIZE_8B beats=8 error=0
# UVM_INFO ../src/mst/ahb_master_monitor.sv(117) @ 6055000: uvm_test_top.env.master_agent.mon [ahb_master_monitor] Beat[7] addr=0x0000f470 rdata=0x3bb6a905 resp=AHB_RESP_OKAY
# UVM_INFO ../src/mst/ahb_master_monitor.sv(220) @ 6055000: uvm_test_top.env.master_agent.mon [ahb_master_monitor] Observed [AHB_READ]: HADDR=0x0000f469, HBURST=AHB_BURST_INCR8, HSIZE=AHB_SIZE_8B, 8 beats
# UVM_INFO ../src/env/ahb_coverage.sv(126) @ 6055000: uvm_test_top.env.master_cov [ahb_coverage] Sampled [AHB_READ]: burst=AHB_BURST_INCR8 size=AHB_SIZE_8B beats=8 error=0
# UVM_INFO ../src/env/ahb_scoreboard.sv(104) @ 6055000: uvm_test_top.env.scb [ahb_scoreboard] MATCH #36: [AHB_READ] HADDR=0x0000f469 AHB_BURST_INCR8 8 beats
# UVM_INFO ../src/mst_seq/ahb_base_seq.sv(157) @ 6055000: uvm_test_top.env.master_agent.sqr@@seq [ahb_idle_seq] AHB_BURST_INCR8 AHB_SIZE_8B beat 0 @0x0000f469 ok
# UVM_INFO ../src/mst_seq/ahb_base_seq.sv(157) @ 6055000: uvm_test_top.env.master_agent.sqr@@seq [ahb_idle_seq] AHB_BURST_INCR8 AHB_SIZE_8B beat 1 @0x0000f46a ok
# UVM_INFO ../src/mst_seq/ahb_base_seq.sv(157) @ 6055000: uvm_test_top.env.master_agent.sqr@@seq [ahb_idle_seq] AHB_BURST_INCR8 AHB_SIZE_8B beat 2 @0x0000f46b ok
# UVM_INFO ../src/mst_seq/ahb_base_seq.sv(157) @ 6055000: uvm_test_top.env.master_agent.sqr@@seq [ahb_idle_seq] AHB_BURST_INCR8 AHB_SIZE_8B beat 3 @0x0000f46c ok
# UVM_INFO ../src/mst_seq/ahb_base_seq.sv(157) @ 6055000: uvm_test_top.env.master_agent.sqr@@seq [ahb_idle_seq] AHB_BURST_INCR8 AHB_SIZE_8B beat 4 @0x0000f46d ok
# UVM_INFO ../src/mst_seq/ahb_base_seq.sv(157) @ 6055000: uvm_test_top.env.master_agent.sqr@@seq [ahb_idle_seq] AHB_BURST_INCR8 AHB_SIZE_8B beat 5 @0x0000f46e ok
# UVM_INFO ../src/mst_seq/ahb_base_seq.sv(157) @ 6055000: uvm_test_top.env.master_agent.sqr@@seq [ahb_idle_seq] AHB_BURST_INCR8 AHB_SIZE_8B beat 6 @0x0000f46f ok
# UVM_INFO ../src/mst_seq/ahb_base_seq.sv(157) @ 6055000: uvm_test_top.env.master_agent.sqr@@seq [ahb_idle_seq] AHB_BURST_INCR8 AHB_SIZE_8B beat 7 @0x0000f470 ok
# UVM_INFO ../src/mst_seq/ahb_idle_seq.sv(324) @ 6085000: uvm_test_top.env.master_agent.sqr@@seq [ahb_idle_seq] [in-wait] AHB_BURST_INCR4 AHB_SIZE_16B @0x0000f4ae, 4 beats
# UVM_INFO ../src/mst/ahb_master_driver.sv(85) @ 6085000: uvm_test_top.env.master_agent.drv [ahb_master_driver] Queueing [AHB_WRITE]: HADDR=0x0000f4ae, HBURST=AHB_BURST_INCR4, HSIZE=AHB_SIZE_16B, 4 beats
# UVM_INFO ../src/mst/ahb_master_driver.sv(127) @ 6085000: uvm_test_top.env.master_agent.drv [ahb_master_driver] Driving [AHB_WRITE]: HADDR=0x0000f4ae, HBURST=AHB_BURST_INCR4, HSIZE=AHB_SIZE_16B, 4 beats               
# UVM_INFO ../src/mst/ahb_master_driver.sv(85) @ 6085000: uvm_test_top.env.master_agent.drv [ahb_master_driver] Queueing [AHB_READ]: HADDR=0x0000f4ae, HBURST=AHB_BURST_INCR4, HSIZE=AHB_SIZE_16B, 4 beats
# UVM_INFO ../src/mst/ahb_master_driver.sv(332) @ 6125000: uvm_test_top.env.master_agent.drv [ahb_master_driver] Beat[0/4] addr=0x0000f4ae trans=AHB_TRANS_NONSEQ resp=AHB_RESP_OKAY wdata=0x2e0f1854
# UVM_INFO ../src/slv/ahb_slave_driver.sv(184) @ 6125000: uvm_test_top.env.slave_agent.drv [ahb_slave_driver] Beat AHB_WRITE addr=0x0000f4ae resp=AHB_RESP_OKAY waits=1 wdata=0x2e0f1854
# UVM_INFO ../src/mst/ahb_master_monitor.sv(117) @ 6125000: uvm_test_top.env.master_agent.mon [ahb_master_monitor] Beat[0] addr=0x0000f4ae wdata=0x2e0f1854 resp=AHB_RESP_OKAY
# UVM_INFO ../src/mst/ahb_master_driver.sv(332) @ 6165000: uvm_test_top.env.master_agent.drv [ahb_master_driver] Beat[1/4] addr=0x0000f4b0 trans=AHB_TRANS_SEQ resp=AHB_RESP_OKAY wdata=0x32f073ab
# UVM_INFO ../src/slv/ahb_slave_driver.sv(184) @ 6165000: uvm_test_top.env.slave_agent.drv [ahb_slave_driver] Beat AHB_WRITE addr=0x0000f4b0 resp=AHB_RESP_OKAY waits=3 wdata=0x32f073ab
# UVM_INFO ../src/mst/ahb_master_monitor.sv(117) @ 6165000: uvm_test_top.env.master_agent.mon [ahb_master_monitor] Beat[1] addr=0x0000f4b0 wdata=0x32f073ab resp=AHB_RESP_OKAY
# UVM_INFO ../src/mst/ahb_master_driver.sv(332) @ 6185000: uvm_test_top.env.master_agent.drv [ahb_master_driver] Beat[2/4] addr=0x0000f4b2 trans=AHB_TRANS_SEQ resp=AHB_RESP_OKAY wdata=0xdbd1cd7a
# UVM_INFO ../src/slv/ahb_slave_driver.sv(184) @ 6185000: uvm_test_top.env.slave_agent.drv [ahb_slave_driver] Beat AHB_WRITE addr=0x0000f4b2 resp=AHB_RESP_OKAY waits=1 wdata=0xdbd1cd7a
# UVM_INFO ../src/mst/ahb_master_monitor.sv(117) @ 6185000: uvm_test_top.env.master_agent.mon [ahb_master_monitor] Beat[2] addr=0x0000f4b2 wdata=0xdbd1cd7a resp=AHB_RESP_OKAY
# UVM_INFO ../src/mst/ahb_master_driver.sv(332) @ 6205000: uvm_test_top.env.master_agent.drv [ahb_master_driver] Beat[3/4] addr=0x0000f4b4 trans=AHB_TRANS_SEQ resp=AHB_RESP_OKAY wdata=0xcaa2febb
# UVM_INFO ../src/mst/ahb_master_driver.sv(376) @ 6205000: uvm_test_top.env.master_agent.drv [ahb_master_driver] Transaction complete: AHB_WRITE 0x0000f4ae, 4 beats, burst=AHB_BURST_INCR4
# UVM_INFO ../src/mst/ahb_master_driver.sv(127) @ 6205000: uvm_test_top.env.master_agent.drv [ahb_master_driver] Driving [AHB_READ]: HADDR=0x0000f4ae, HBURST=AHB_BURST_INCR4, HSIZE=AHB_SIZE_16B, 4 beats (back-to-back)
# UVM_INFO ../src/slv/ahb_slave_driver.sv(184) @ 6205000: uvm_test_top.env.slave_agent.drv [ahb_slave_driver] Beat AHB_WRITE addr=0x0000f4b4 resp=AHB_RESP_OKAY waits=1 wdata=0xcaa2febb
# UVM_INFO ../src/mst/ahb_master_monitor.sv(117) @ 6205000: uvm_test_top.env.master_agent.mon [ahb_master_monitor] Beat[3] addr=0x0000f4b4 wdata=0xcaa2febb resp=AHB_RESP_OKAY
# UVM_INFO ../src/mst/ahb_master_monitor.sv(220) @ 6205000: uvm_test_top.env.master_agent.mon [ahb_master_monitor] Observed [AHB_WRITE]: HADDR=0x0000f4ae, HBURST=AHB_BURST_INCR4, HSIZE=AHB_SIZE_16B, 4 beats
# UVM_INFO ../src/env/ahb_coverage.sv(126) @ 6205000: uvm_test_top.env.master_cov [ahb_coverage] Sampled [AHB_WRITE]: burst=AHB_BURST_INCR4 size=AHB_SIZE_16B beats=4 error=0
# UVM_INFO ../src/slv/ahb_slave_monitor.sv(197) @ 6205000: uvm_test_top.env.slave_agent.mon [ahb_slave_monitor] Observed [AHB_WRITE]: HADDR=0x0000f4ae, HBURST=AHB_BURST_INCR4, HSIZE=AHB_SIZE_16B, 4 beats
# UVM_INFO ../src/env/ahb_scoreboard.sv(104) @ 6205000: uvm_test_top.env.scb [ahb_scoreboard] MATCH #37: [AHB_WRITE] HADDR=0x0000f4ae AHB_BURST_INCR4 4 beats
# UVM_INFO ../src/env/ahb_coverage.sv(126) @ 6205000: uvm_test_top.env.slave_cov [ahb_coverage] Sampled [AHB_WRITE]: burst=AHB_BURST_INCR4 size=AHB_SIZE_16B beats=4 error=0
# UVM_INFO ../src/mst/ahb_master_driver.sv(332) @ 6225000: uvm_test_top.env.master_agent.drv [ahb_master_driver] Beat[0/4] addr=0x0000f4ae trans=AHB_TRANS_NONSEQ resp=AHB_RESP_OKAY rdata=0x2e0f1854
# UVM_INFO ../src/slv/ahb_slave_driver.sv(184) @ 6225000: uvm_test_top.env.slave_agent.drv [ahb_slave_driver] Beat AHB_READ addr=0x0000f4ae resp=AHB_RESP_OKAY waits=1 rdata=0x2e0f1854
# UVM_INFO ../src/mst/ahb_master_monitor.sv(117) @ 6225000: uvm_test_top.env.master_agent.mon [ahb_master_monitor] Beat[0] addr=0x0000f4ae rdata=0x2e0f1854 resp=AHB_RESP_OKAY
# UVM_INFO ../src/mst/ahb_master_driver.sv(332) @ 6255000: uvm_test_top.env.master_agent.drv [ahb_master_driver] Beat[1/4] addr=0x0000f4b0 trans=AHB_TRANS_SEQ resp=AHB_RESP_OKAY rdata=0x32f073ab
# UVM_INFO ../src/slv/ahb_slave_driver.sv(184) @ 6255000: uvm_test_top.env.slave_agent.drv [ahb_slave_driver] Beat AHB_READ addr=0x0000f4b0 resp=AHB_RESP_OKAY waits=2 rdata=0x32f073ab
# UVM_INFO ../src/mst/ahb_master_monitor.sv(117) @ 6255000: uvm_test_top.env.master_agent.mon [ahb_master_monitor] Beat[1] addr=0x0000f4b0 rdata=0x32f073ab resp=AHB_RESP_OKAY
# UVM_INFO ../src/mst/ahb_master_driver.sv(332) @ 6295000: uvm_test_top.env.master_agent.drv [ahb_master_driver] Beat[2/4] addr=0x0000f4b2 trans=AHB_TRANS_SEQ resp=AHB_RESP_OKAY rdata=0xdbd1cd7a
# UVM_INFO ../src/slv/ahb_slave_driver.sv(184) @ 6295000: uvm_test_top.env.slave_agent.drv [ahb_slave_driver] Beat AHB_READ addr=0x0000f4b2 resp=AHB_RESP_OKAY waits=3 rdata=0xdbd1cd7a
# UVM_INFO ../src/mst/ahb_master_monitor.sv(117) @ 6295000: uvm_test_top.env.master_agent.mon [ahb_master_monitor] Beat[2] addr=0x0000f4b2 rdata=0xdbd1cd7a resp=AHB_RESP_OKAY
# UVM_INFO ../src/mst/ahb_master_driver.sv(332) @ 6325000: uvm_test_top.env.master_agent.drv [ahb_master_driver] Beat[3/4] addr=0x0000f4b4 trans=AHB_TRANS_SEQ resp=AHB_RESP_OKAY rdata=0xcaa2febb
# UVM_INFO ../src/mst/ahb_master_driver.sv(376) @ 6325000: uvm_test_top.env.master_agent.drv [ahb_master_driver] Transaction complete: AHB_READ 0x0000f4ae, 4 beats, burst=AHB_BURST_INCR4
# UVM_INFO ../src/slv/ahb_slave_driver.sv(184) @ 6325000: uvm_test_top.env.slave_agent.drv [ahb_slave_driver] Beat AHB_READ addr=0x0000f4b4 resp=AHB_RESP_OKAY waits=2 rdata=0xcaa2febb
# UVM_INFO ../src/mst/ahb_master_monitor.sv(117) @ 6325000: uvm_test_top.env.master_agent.mon [ahb_master_monitor] Beat[3] addr=0x0000f4b4 rdata=0xcaa2febb resp=AHB_RESP_OKAY
# UVM_INFO ../src/mst/ahb_master_monitor.sv(220) @ 6325000: uvm_test_top.env.master_agent.mon [ahb_master_monitor] Observed [AHB_READ]: HADDR=0x0000f4ae, HBURST=AHB_BURST_INCR4, HSIZE=AHB_SIZE_16B, 4 beats
# UVM_INFO ../src/env/ahb_coverage.sv(126) @ 6325000: uvm_test_top.env.master_cov [ahb_coverage] Sampled [AHB_READ]: burst=AHB_BURST_INCR4 size=AHB_SIZE_16B beats=4 error=0
# UVM_INFO ../src/slv/ahb_slave_monitor.sv(197) @ 6325000: uvm_test_top.env.slave_agent.mon [ahb_slave_monitor] Observed [AHB_READ]: HADDR=0x0000f4ae, HBURST=AHB_BURST_INCR4, HSIZE=AHB_SIZE_16B, 4 beats
# UVM_INFO ../src/env/ahb_scoreboard.sv(104) @ 6325000: uvm_test_top.env.scb [ahb_scoreboard] MATCH #38: [AHB_READ] HADDR=0x0000f4ae AHB_BURST_INCR4 4 beats
# UVM_INFO ../src/env/ahb_coverage.sv(126) @ 6325000: uvm_test_top.env.slave_cov [ahb_coverage] Sampled [AHB_READ]: burst=AHB_BURST_INCR4 size=AHB_SIZE_16B beats=4 error=0
# UVM_INFO ../src/mst_seq/ahb_base_seq.sv(157) @ 6325000: uvm_test_top.env.master_agent.sqr@@seq [ahb_idle_seq] AHB_BURST_INCR4 AHB_SIZE_16B beat 0 @0x0000f4ae ok
# UVM_INFO ../src/mst_seq/ahb_base_seq.sv(157) @ 6325000: uvm_test_top.env.master_agent.sqr@@seq [ahb_idle_seq] AHB_BURST_INCR4 AHB_SIZE_16B beat 1 @0x0000f4b0 ok
# UVM_INFO ../src/mst_seq/ahb_base_seq.sv(157) @ 6325000: uvm_test_top.env.master_agent.sqr@@seq [ahb_idle_seq] AHB_BURST_INCR4 AHB_SIZE_16B beat 2 @0x0000f4b2 ok
# UVM_INFO ../src/mst_seq/ahb_base_seq.sv(157) @ 6325000: uvm_test_top.env.master_agent.sqr@@seq [ahb_idle_seq] AHB_BURST_INCR4 AHB_SIZE_16B beat 3 @0x0000f4b4 ok
# UVM_INFO ../src/mst_seq/ahb_idle_seq.sv(324) @ 6345000: uvm_test_top.env.master_agent.sqr@@seq [ahb_idle_seq] [in-wait] AHB_BURST_INCR4 AHB_SIZE_8B @0x0000f4e4, 4 beats
# UVM_INFO ../src/mst/ahb_master_driver.sv(85) @ 6345000: uvm_test_top.env.master_agent.drv [ahb_master_driver] Queueing [AHB_WRITE]: HADDR=0x0000f4e4, HBURST=AHB_BURST_INCR4, HSIZE=AHB_SIZE_8B, 4 beats
# UVM_INFO ../src/mst/ahb_master_driver.sv(127) @ 6345000: uvm_test_top.env.master_agent.drv [ahb_master_driver] Driving [AHB_WRITE]: HADDR=0x0000f4e4, HBURST=AHB_BURST_INCR4, HSIZE=AHB_SIZE_8B, 4 beats               
# UVM_INFO ../src/mst/ahb_master_driver.sv(85) @ 6345000: uvm_test_top.env.master_agent.drv [ahb_master_driver] Queueing [AHB_READ]: HADDR=0x0000f4e4, HBURST=AHB_BURST_INCR4, HSIZE=AHB_SIZE_8B, 4 beats
# UVM_INFO ../src/mst/ahb_master_driver.sv(332) @ 6385000: uvm_test_top.env.master_agent.drv [ahb_master_driver] Beat[0/4] addr=0x0000f4e4 trans=AHB_TRANS_NONSEQ resp=AHB_RESP_OKAY wdata=0xa38da2ca
# UVM_INFO ../src/slv/ahb_slave_driver.sv(184) @ 6385000: uvm_test_top.env.slave_agent.drv [ahb_slave_driver] Beat AHB_WRITE addr=0x0000f4e4 resp=AHB_RESP_OKAY waits=1 wdata=0xa38da2ca
# UVM_INFO ../src/mst/ahb_master_monitor.sv(117) @ 6385000: uvm_test_top.env.master_agent.mon [ahb_master_monitor] Beat[0] addr=0x0000f4e4 wdata=0xa38da2ca resp=AHB_RESP_OKAY
# UVM_INFO ../src/mst/ahb_master_driver.sv(332) @ 6415000: uvm_test_top.env.master_agent.drv [ahb_master_driver] Beat[1/4] addr=0x0000f4e5 trans=AHB_TRANS_SEQ resp=AHB_RESP_OKAY wdata=0x8dde87dc
# UVM_INFO ../src/slv/ahb_slave_driver.sv(184) @ 6415000: uvm_test_top.env.slave_agent.drv [ahb_slave_driver] Beat AHB_WRITE addr=0x0000f4e5 resp=AHB_RESP_OKAY waits=2 wdata=0x8dde87dc
# UVM_INFO ../src/mst/ahb_master_monitor.sv(117) @ 6415000: uvm_test_top.env.master_agent.mon [ahb_master_monitor] Beat[1] addr=0x0000f4e5 wdata=0x8dde87dc resp=AHB_RESP_OKAY
# UVM_INFO ../src/mst/ahb_master_driver.sv(332) @ 6445000: uvm_test_top.env.master_agent.drv [ahb_master_driver] Beat[2/4] addr=0x0000f4e6 trans=AHB_TRANS_SEQ resp=AHB_RESP_OKAY wdata=0xc6e30470
# UVM_INFO ../src/slv/ahb_slave_driver.sv(184) @ 6445000: uvm_test_top.env.slave_agent.drv [ahb_slave_driver] Beat AHB_WRITE addr=0x0000f4e6 resp=AHB_RESP_OKAY waits=2 wdata=0xc6e30470
# UVM_INFO ../src/mst/ahb_master_monitor.sv(117) @ 6445000: uvm_test_top.env.master_agent.mon [ahb_master_monitor] Beat[2] addr=0x0000f4e6 wdata=0xc6e30470 resp=AHB_RESP_OKAY
# UVM_INFO ../src/mst/ahb_master_driver.sv(332) @ 6465000: uvm_test_top.env.master_agent.drv [ahb_master_driver] Beat[3/4] addr=0x0000f4e7 trans=AHB_TRANS_SEQ resp=AHB_RESP_OKAY wdata=0x4decf9f4
# UVM_INFO ../src/mst/ahb_master_driver.sv(376) @ 6465000: uvm_test_top.env.master_agent.drv [ahb_master_driver] Transaction complete: AHB_WRITE 0x0000f4e4, 4 beats, burst=AHB_BURST_INCR4
# UVM_INFO ../src/mst/ahb_master_driver.sv(127) @ 6465000: uvm_test_top.env.master_agent.drv [ahb_master_driver] Driving [AHB_READ]: HADDR=0x0000f4e4, HBURST=AHB_BURST_INCR4, HSIZE=AHB_SIZE_8B, 4 beats (back-to-back)
# UVM_INFO ../src/slv/ahb_slave_driver.sv(184) @ 6465000: uvm_test_top.env.slave_agent.drv [ahb_slave_driver] Beat AHB_WRITE addr=0x0000f4e7 resp=AHB_RESP_OKAY waits=1 wdata=0x4decf9f4
# UVM_INFO ../src/mst/ahb_master_monitor.sv(117) @ 6465000: uvm_test_top.env.master_agent.mon [ahb_master_monitor] Beat[3] addr=0x0000f4e7 wdata=0x4decf9f4 resp=AHB_RESP_OKAY
# UVM_INFO ../src/mst/ahb_master_monitor.sv(220) @ 6465000: uvm_test_top.env.master_agent.mon [ahb_master_monitor] Observed [AHB_WRITE]: HADDR=0x0000f4e4, HBURST=AHB_BURST_INCR4, HSIZE=AHB_SIZE_8B, 4 beats
# UVM_INFO ../src/env/ahb_coverage.sv(126) @ 6465000: uvm_test_top.env.master_cov [ahb_coverage] Sampled [AHB_WRITE]: burst=AHB_BURST_INCR4 size=AHB_SIZE_8B beats=4 error=0
# UVM_INFO ../src/slv/ahb_slave_monitor.sv(197) @ 6465000: uvm_test_top.env.slave_agent.mon [ahb_slave_monitor] Observed [AHB_WRITE]: HADDR=0x0000f4e4, HBURST=AHB_BURST_INCR4, HSIZE=AHB_SIZE_8B, 4 beats
# UVM_INFO ../src/env/ahb_scoreboard.sv(104) @ 6465000: uvm_test_top.env.scb [ahb_scoreboard] MATCH #39: [AHB_WRITE] HADDR=0x0000f4e4 AHB_BURST_INCR4 4 beats
# UVM_INFO ../src/env/ahb_coverage.sv(126) @ 6465000: uvm_test_top.env.slave_cov [ahb_coverage] Sampled [AHB_WRITE]: burst=AHB_BURST_INCR4 size=AHB_SIZE_8B beats=4 error=0
# UVM_INFO ../src/mst/ahb_master_driver.sv(332) @ 6485000: uvm_test_top.env.master_agent.drv [ahb_master_driver] Beat[0/4] addr=0x0000f4e4 trans=AHB_TRANS_NONSEQ resp=AHB_RESP_OKAY rdata=0xa38da2ca
# UVM_INFO ../src/slv/ahb_slave_driver.sv(184) @ 6485000: uvm_test_top.env.slave_agent.drv [ahb_slave_driver] Beat AHB_READ addr=0x0000f4e4 resp=AHB_RESP_OKAY waits=1 rdata=0xa38da2ca
# UVM_INFO ../src/mst/ahb_master_monitor.sv(117) @ 6485000: uvm_test_top.env.master_agent.mon [ahb_master_monitor] Beat[0] addr=0x0000f4e4 rdata=0xa38da2ca resp=AHB_RESP_OKAY
# UVM_INFO ../src/mst/ahb_master_driver.sv(332) @ 6515000: uvm_test_top.env.master_agent.drv [ahb_master_driver] Beat[1/4] addr=0x0000f4e5 trans=AHB_TRANS_SEQ resp=AHB_RESP_OKAY rdata=0x8dde87dc
# UVM_INFO ../src/slv/ahb_slave_driver.sv(184) @ 6515000: uvm_test_top.env.slave_agent.drv [ahb_slave_driver] Beat AHB_READ addr=0x0000f4e5 resp=AHB_RESP_OKAY waits=2 rdata=0x8dde87dc
# UVM_INFO ../src/mst/ahb_master_monitor.sv(117) @ 6515000: uvm_test_top.env.master_agent.mon [ahb_master_monitor] Beat[1] addr=0x0000f4e5 rdata=0x8dde87dc resp=AHB_RESP_OKAY
# UVM_INFO ../src/mst/ahb_master_driver.sv(332) @ 6535000: uvm_test_top.env.master_agent.drv [ahb_master_driver] Beat[2/4] addr=0x0000f4e6 trans=AHB_TRANS_SEQ resp=AHB_RESP_OKAY rdata=0xc6e30470
# UVM_INFO ../src/slv/ahb_slave_driver.sv(184) @ 6535000: uvm_test_top.env.slave_agent.drv [ahb_slave_driver] Beat AHB_READ addr=0x0000f4e6 resp=AHB_RESP_OKAY waits=1 rdata=0xc6e30470
# UVM_INFO ../src/mst/ahb_master_monitor.sv(117) @ 6535000: uvm_test_top.env.master_agent.mon [ahb_master_monitor] Beat[2] addr=0x0000f4e6 rdata=0xc6e30470 resp=AHB_RESP_OKAY
# UVM_INFO ../src/mst/ahb_master_driver.sv(332) @ 6555000: uvm_test_top.env.master_agent.drv [ahb_master_driver] Beat[3/4] addr=0x0000f4e7 trans=AHB_TRANS_SEQ resp=AHB_RESP_OKAY rdata=0x4decf9f4
# UVM_INFO ../src/mst/ahb_master_driver.sv(376) @ 6555000: uvm_test_top.env.master_agent.drv [ahb_master_driver] Transaction complete: AHB_READ 0x0000f4e4, 4 beats, burst=AHB_BURST_INCR4
# UVM_INFO ../src/slv/ahb_slave_driver.sv(184) @ 6555000: uvm_test_top.env.slave_agent.drv [ahb_slave_driver] Beat AHB_READ addr=0x0000f4e7 resp=AHB_RESP_OKAY waits=1 rdata=0x4decf9f4
# UVM_INFO ../src/slv/ahb_slave_monitor.sv(197) @ 6555000: uvm_test_top.env.slave_agent.mon [ahb_slave_monitor] Observed [AHB_READ]: HADDR=0x0000f4e4, HBURST=AHB_BURST_INCR4, HSIZE=AHB_SIZE_8B, 4 beats
# UVM_INFO ../src/env/ahb_coverage.sv(126) @ 6555000: uvm_test_top.env.slave_cov [ahb_coverage] Sampled [AHB_READ]: burst=AHB_BURST_INCR4 size=AHB_SIZE_8B beats=4 error=0
# UVM_INFO ../src/mst/ahb_master_monitor.sv(117) @ 6555000: uvm_test_top.env.master_agent.mon [ahb_master_monitor] Beat[3] addr=0x0000f4e7 rdata=0x4decf9f4 resp=AHB_RESP_OKAY
# UVM_INFO ../src/mst/ahb_master_monitor.sv(220) @ 6555000: uvm_test_top.env.master_agent.mon [ahb_master_monitor] Observed [AHB_READ]: HADDR=0x0000f4e4, HBURST=AHB_BURST_INCR4, HSIZE=AHB_SIZE_8B, 4 beats
# UVM_INFO ../src/env/ahb_coverage.sv(126) @ 6555000: uvm_test_top.env.master_cov [ahb_coverage] Sampled [AHB_READ]: burst=AHB_BURST_INCR4 size=AHB_SIZE_8B beats=4 error=0
# UVM_INFO ../src/env/ahb_scoreboard.sv(104) @ 6555000: uvm_test_top.env.scb [ahb_scoreboard] MATCH #40: [AHB_READ] HADDR=0x0000f4e4 AHB_BURST_INCR4 4 beats
# UVM_INFO ../src/mst_seq/ahb_base_seq.sv(157) @ 6555000: uvm_test_top.env.master_agent.sqr@@seq [ahb_idle_seq] AHB_BURST_INCR4 AHB_SIZE_8B beat 0 @0x0000f4e4 ok
# UVM_INFO ../src/mst_seq/ahb_base_seq.sv(157) @ 6555000: uvm_test_top.env.master_agent.sqr@@seq [ahb_idle_seq] AHB_BURST_INCR4 AHB_SIZE_8B beat 1 @0x0000f4e5 ok
# UVM_INFO ../src/mst_seq/ahb_base_seq.sv(157) @ 6555000: uvm_test_top.env.master_agent.sqr@@seq [ahb_idle_seq] AHB_BURST_INCR4 AHB_SIZE_8B beat 2 @0x0000f4e6 ok
# UVM_INFO ../src/mst_seq/ahb_base_seq.sv(157) @ 6555000: uvm_test_top.env.master_agent.sqr@@seq [ahb_idle_seq] AHB_BURST_INCR4 AHB_SIZE_8B beat 3 @0x0000f4e7 ok
# UVM_INFO ../src/mst_seq/ahb_idle_seq.sv(324) @ 6575000: uvm_test_top.env.master_agent.sqr@@seq [ahb_idle_seq] [in-wait] AHB_BURST_INCR4 AHB_SIZE_8B @0x0000f509, 4 beats
# UVM_INFO ../src/mst/ahb_master_driver.sv(85) @ 6575000: uvm_test_top.env.master_agent.drv [ahb_master_driver] Queueing [AHB_WRITE]: HADDR=0x0000f509, HBURST=AHB_BURST_INCR4, HSIZE=AHB_SIZE_8B, 4 beats
# UVM_INFO ../src/mst/ahb_master_driver.sv(127) @ 6575000: uvm_test_top.env.master_agent.drv [ahb_master_driver] Driving [AHB_WRITE]: HADDR=0x0000f509, HBURST=AHB_BURST_INCR4, HSIZE=AHB_SIZE_8B, 4 beats               
# UVM_INFO ../src/mst/ahb_master_driver.sv(85) @ 6575000: uvm_test_top.env.master_agent.drv [ahb_master_driver] Queueing [AHB_READ]: HADDR=0x0000f509, HBURST=AHB_BURST_INCR4, HSIZE=AHB_SIZE_8B, 4 beats
# UVM_INFO ../src/mst/ahb_master_driver.sv(332) @ 6635000: uvm_test_top.env.master_agent.drv [ahb_master_driver] Beat[0/4] addr=0x0000f509 trans=AHB_TRANS_NONSEQ resp=AHB_RESP_OKAY wdata=0x05f8e1cb
# UVM_INFO ../src/slv/ahb_slave_driver.sv(184) @ 6635000: uvm_test_top.env.slave_agent.drv [ahb_slave_driver] Beat AHB_WRITE addr=0x0000f509 resp=AHB_RESP_OKAY waits=3 wdata=0x05f8e1cb
# UVM_INFO ../src/mst/ahb_master_monitor.sv(117) @ 6635000: uvm_test_top.env.master_agent.mon [ahb_master_monitor] Beat[0] addr=0x0000f509 wdata=0x05f8e1cb resp=AHB_RESP_OKAY
# UVM_INFO ../src/mst/ahb_master_driver.sv(332) @ 6675000: uvm_test_top.env.master_agent.drv [ahb_master_driver] Beat[1/4] addr=0x0000f50a trans=AHB_TRANS_SEQ resp=AHB_RESP_OKAY wdata=0x2dc8a8d1
# UVM_INFO ../src/slv/ahb_slave_driver.sv(184) @ 6675000: uvm_test_top.env.slave_agent.drv [ahb_slave_driver] Beat AHB_WRITE addr=0x0000f50a resp=AHB_RESP_OKAY waits=3 wdata=0x2dc8a8d1
# UVM_INFO ../src/mst/ahb_master_monitor.sv(117) @ 6675000: uvm_test_top.env.master_agent.mon [ahb_master_monitor] Beat[1] addr=0x0000f50a wdata=0x2dc8a8d1 resp=AHB_RESP_OKAY
# UVM_INFO ../src/mst/ahb_master_driver.sv(332) @ 6705000: uvm_test_top.env.master_agent.drv [ahb_master_driver] Beat[2/4] addr=0x0000f50b trans=AHB_TRANS_SEQ resp=AHB_RESP_OKAY wdata=0xebaedb91
# UVM_INFO ../src/slv/ahb_slave_driver.sv(184) @ 6705000: uvm_test_top.env.slave_agent.drv [ahb_slave_driver] Beat AHB_WRITE addr=0x0000f50b resp=AHB_RESP_OKAY waits=2 wdata=0xebaedb91
# UVM_INFO ../src/mst/ahb_master_monitor.sv(117) @ 6705000: uvm_test_top.env.master_agent.mon [ahb_master_monitor] Beat[2] addr=0x0000f50b wdata=0xebaedb91 resp=AHB_RESP_OKAY
# UVM_INFO ../src/mst/ahb_master_driver.sv(332) @ 6725000: uvm_test_top.env.master_agent.drv [ahb_master_driver] Beat[3/4] addr=0x0000f50c trans=AHB_TRANS_SEQ resp=AHB_RESP_OKAY wdata=0xc6cee48a
# UVM_INFO ../src/mst/ahb_master_driver.sv(376) @ 6725000: uvm_test_top.env.master_agent.drv [ahb_master_driver] Transaction complete: AHB_WRITE 0x0000f509, 4 beats, burst=AHB_BURST_INCR4
# UVM_INFO ../src/mst/ahb_master_driver.sv(127) @ 6725000: uvm_test_top.env.master_agent.drv [ahb_master_driver] Driving [AHB_READ]: HADDR=0x0000f509, HBURST=AHB_BURST_INCR4, HSIZE=AHB_SIZE_8B, 4 beats (back-to-back)
# UVM_INFO ../src/slv/ahb_slave_driver.sv(184) @ 6725000: uvm_test_top.env.slave_agent.drv [ahb_slave_driver] Beat AHB_WRITE addr=0x0000f50c resp=AHB_RESP_OKAY waits=1 wdata=0xc6cee48a
# UVM_INFO ../src/mst/ahb_master_monitor.sv(117) @ 6725000: uvm_test_top.env.master_agent.mon [ahb_master_monitor] Beat[3] addr=0x0000f50c wdata=0xc6cee48a resp=AHB_RESP_OKAY
# UVM_INFO ../src/mst/ahb_master_monitor.sv(220) @ 6725000: uvm_test_top.env.master_agent.mon [ahb_master_monitor] Observed [AHB_WRITE]: HADDR=0x0000f509, HBURST=AHB_BURST_INCR4, HSIZE=AHB_SIZE_8B, 4 beats
# UVM_INFO ../src/env/ahb_coverage.sv(126) @ 6725000: uvm_test_top.env.master_cov [ahb_coverage] Sampled [AHB_WRITE]: burst=AHB_BURST_INCR4 size=AHB_SIZE_8B beats=4 error=0
# UVM_INFO ../src/slv/ahb_slave_monitor.sv(197) @ 6725000: uvm_test_top.env.slave_agent.mon [ahb_slave_monitor] Observed [AHB_WRITE]: HADDR=0x0000f509, HBURST=AHB_BURST_INCR4, HSIZE=AHB_SIZE_8B, 4 beats
# UVM_INFO ../src/env/ahb_scoreboard.sv(104) @ 6725000: uvm_test_top.env.scb [ahb_scoreboard] MATCH #41: [AHB_WRITE] HADDR=0x0000f509 AHB_BURST_INCR4 4 beats
# UVM_INFO ../src/env/ahb_coverage.sv(126) @ 6725000: uvm_test_top.env.slave_cov [ahb_coverage] Sampled [AHB_WRITE]: burst=AHB_BURST_INCR4 size=AHB_SIZE_8B beats=4 error=0
# UVM_INFO ../src/mst/ahb_master_driver.sv(332) @ 6755000: uvm_test_top.env.master_agent.drv [ahb_master_driver] Beat[0/4] addr=0x0000f509 trans=AHB_TRANS_NONSEQ resp=AHB_RESP_OKAY rdata=0x05f8e1cb
# UVM_INFO ../src/slv/ahb_slave_driver.sv(184) @ 6755000: uvm_test_top.env.slave_agent.drv [ahb_slave_driver] Beat AHB_READ addr=0x0000f509 resp=AHB_RESP_OKAY waits=2 rdata=0x05f8e1cb
# UVM_INFO ../src/mst/ahb_master_monitor.sv(117) @ 6755000: uvm_test_top.env.master_agent.mon [ahb_master_monitor] Beat[0] addr=0x0000f509 rdata=0x05f8e1cb resp=AHB_RESP_OKAY
# UVM_INFO ../src/mst/ahb_master_driver.sv(332) @ 6785000: uvm_test_top.env.master_agent.drv [ahb_master_driver] Beat[1/4] addr=0x0000f50a trans=AHB_TRANS_SEQ resp=AHB_RESP_OKAY rdata=0x2dc8a8d1
# UVM_INFO ../src/slv/ahb_slave_driver.sv(184) @ 6785000: uvm_test_top.env.slave_agent.drv [ahb_slave_driver] Beat AHB_READ addr=0x0000f50a resp=AHB_RESP_OKAY waits=2 rdata=0x2dc8a8d1
# UVM_INFO ../src/mst/ahb_master_monitor.sv(117) @ 6785000: uvm_test_top.env.master_agent.mon [ahb_master_monitor] Beat[1] addr=0x0000f50a rdata=0x2dc8a8d1 resp=AHB_RESP_OKAY
# UVM_INFO ../src/mst/ahb_master_driver.sv(332) @ 6825000: uvm_test_top.env.master_agent.drv [ahb_master_driver] Beat[2/4] addr=0x0000f50b trans=AHB_TRANS_SEQ resp=AHB_RESP_OKAY rdata=0xebaedb91
# UVM_INFO ../src/slv/ahb_slave_driver.sv(184) @ 6825000: uvm_test_top.env.slave_agent.drv [ahb_slave_driver] Beat AHB_READ addr=0x0000f50b resp=AHB_RESP_OKAY waits=3 rdata=0xebaedb91
# UVM_INFO ../src/mst/ahb_master_monitor.sv(117) @ 6825000: uvm_test_top.env.master_agent.mon [ahb_master_monitor] Beat[2] addr=0x0000f50b rdata=0xebaedb91 resp=AHB_RESP_OKAY
# UVM_INFO ../src/mst/ahb_master_driver.sv(332) @ 6865000: uvm_test_top.env.master_agent.drv [ahb_master_driver] Beat[3/4] addr=0x0000f50c trans=AHB_TRANS_SEQ resp=AHB_RESP_OKAY rdata=0xc6cee48a
# UVM_INFO ../src/mst/ahb_master_driver.sv(376) @ 6865000: uvm_test_top.env.master_agent.drv [ahb_master_driver] Transaction complete: AHB_READ 0x0000f509, 4 beats, burst=AHB_BURST_INCR4
# UVM_INFO ../src/slv/ahb_slave_driver.sv(184) @ 6865000: uvm_test_top.env.slave_agent.drv [ahb_slave_driver] Beat AHB_READ addr=0x0000f50c resp=AHB_RESP_OKAY waits=3 rdata=0xc6cee48a
# UVM_INFO ../src/mst/ahb_master_monitor.sv(117) @ 6865000: uvm_test_top.env.master_agent.mon [ahb_master_monitor] Beat[3] addr=0x0000f50c rdata=0xc6cee48a resp=AHB_RESP_OKAY
# UVM_INFO ../src/mst/ahb_master_monitor.sv(220) @ 6865000: uvm_test_top.env.master_agent.mon [ahb_master_monitor] Observed [AHB_READ]: HADDR=0x0000f509, HBURST=AHB_BURST_INCR4, HSIZE=AHB_SIZE_8B, 4 beats
# UVM_INFO ../src/env/ahb_coverage.sv(126) @ 6865000: uvm_test_top.env.master_cov [ahb_coverage] Sampled [AHB_READ]: burst=AHB_BURST_INCR4 size=AHB_SIZE_8B beats=4 error=0
# UVM_INFO ../src/slv/ahb_slave_monitor.sv(197) @ 6865000: uvm_test_top.env.slave_agent.mon [ahb_slave_monitor] Observed [AHB_READ]: HADDR=0x0000f509, HBURST=AHB_BURST_INCR4, HSIZE=AHB_SIZE_8B, 4 beats
# UVM_INFO ../src/env/ahb_scoreboard.sv(104) @ 6865000: uvm_test_top.env.scb [ahb_scoreboard] MATCH #42: [AHB_READ] HADDR=0x0000f509 AHB_BURST_INCR4 4 beats
# UVM_INFO ../src/env/ahb_coverage.sv(126) @ 6865000: uvm_test_top.env.slave_cov [ahb_coverage] Sampled [AHB_READ]: burst=AHB_BURST_INCR4 size=AHB_SIZE_8B beats=4 error=0
# UVM_INFO ../src/mst_seq/ahb_base_seq.sv(157) @ 6865000: uvm_test_top.env.master_agent.sqr@@seq [ahb_idle_seq] AHB_BURST_INCR4 AHB_SIZE_8B beat 0 @0x0000f509 ok
# UVM_INFO ../src/mst_seq/ahb_base_seq.sv(157) @ 6865000: uvm_test_top.env.master_agent.sqr@@seq [ahb_idle_seq] AHB_BURST_INCR4 AHB_SIZE_8B beat 1 @0x0000f50a ok
# UVM_INFO ../src/mst_seq/ahb_base_seq.sv(157) @ 6865000: uvm_test_top.env.master_agent.sqr@@seq [ahb_idle_seq] AHB_BURST_INCR4 AHB_SIZE_8B beat 2 @0x0000f50b ok
# UVM_INFO ../src/mst_seq/ahb_base_seq.sv(157) @ 6865000: uvm_test_top.env.master_agent.sqr@@seq [ahb_idle_seq] AHB_BURST_INCR4 AHB_SIZE_8B beat 3 @0x0000f50c ok
# UVM_INFO ../src/mst_seq/ahb_idle_seq.sv(324) @ 6895000: uvm_test_top.env.master_agent.sqr@@seq [ahb_idle_seq] [in-wait] AHB_BURST_INCR AHB_SIZE_8B @0x0000f576, 7 beats
# UVM_INFO ../src/mst/ahb_master_driver.sv(85) @ 6895000: uvm_test_top.env.master_agent.drv [ahb_master_driver] Queueing [AHB_WRITE]: HADDR=0x0000f576, HBURST=AHB_BURST_INCR, HSIZE=AHB_SIZE_8B, 7 beats
# UVM_INFO ../src/mst/ahb_master_driver.sv(127) @ 6895000: uvm_test_top.env.master_agent.drv [ahb_master_driver] Driving [AHB_WRITE]: HADDR=0x0000f576, HBURST=AHB_BURST_INCR, HSIZE=AHB_SIZE_8B, 7 beats               
# UVM_INFO ../src/mst/ahb_master_driver.sv(85) @ 6895000: uvm_test_top.env.master_agent.drv [ahb_master_driver] Queueing [AHB_READ]: HADDR=0x0000f576, HBURST=AHB_BURST_INCR, HSIZE=AHB_SIZE_8B, 7 beats
# UVM_INFO ../src/mst/ahb_master_driver.sv(332) @ 6955000: uvm_test_top.env.master_agent.drv [ahb_master_driver] Beat[0/7] addr=0x0000f576 trans=AHB_TRANS_NONSEQ resp=AHB_RESP_OKAY wdata=0xf5c44a5d
# UVM_INFO ../src/slv/ahb_slave_driver.sv(184) @ 6955000: uvm_test_top.env.slave_agent.drv [ahb_slave_driver] Beat AHB_WRITE addr=0x0000f576 resp=AHB_RESP_OKAY waits=3 wdata=0xf5c44a5d
# UVM_INFO ../src/mst/ahb_master_monitor.sv(117) @ 6955000: uvm_test_top.env.master_agent.mon [ahb_master_monitor] Beat[0] addr=0x0000f576 wdata=0xf5c44a5d resp=AHB_RESP_OKAY
# UVM_INFO ../src/mst/ahb_master_driver.sv(332) @ 6975000: uvm_test_top.env.master_agent.drv [ahb_master_driver] Beat[1/7] addr=0x0000f577 trans=AHB_TRANS_SEQ resp=AHB_RESP_OKAY wdata=0x655c68ae
# UVM_INFO ../src/slv/ahb_slave_driver.sv(184) @ 6975000: uvm_test_top.env.slave_agent.drv [ahb_slave_driver] Beat AHB_WRITE addr=0x0000f577 resp=AHB_RESP_OKAY waits=1 wdata=0x655c68ae
# UVM_INFO ../src/mst/ahb_master_monitor.sv(117) @ 6975000: uvm_test_top.env.master_agent.mon [ahb_master_monitor] Beat[1] addr=0x0000f577 wdata=0x655c68ae resp=AHB_RESP_OKAY
# UVM_INFO ../src/mst/ahb_master_driver.sv(332) @ 6995000: uvm_test_top.env.master_agent.drv [ahb_master_driver] Beat[2/7] addr=0x0000f578 trans=AHB_TRANS_SEQ resp=AHB_RESP_OKAY wdata=0xed8201be
# UVM_INFO ../src/slv/ahb_slave_driver.sv(184) @ 6995000: uvm_test_top.env.slave_agent.drv [ahb_slave_driver] Beat AHB_WRITE addr=0x0000f578 resp=AHB_RESP_OKAY waits=1 wdata=0xed8201be
# UVM_INFO ../src/mst/ahb_master_monitor.sv(117) @ 6995000: uvm_test_top.env.master_agent.mon [ahb_master_monitor] Beat[2] addr=0x0000f578 wdata=0xed8201be resp=AHB_RESP_OKAY
# UVM_INFO ../src/mst/ahb_master_driver.sv(332) @ 7035000: uvm_test_top.env.master_agent.drv [ahb_master_driver] Beat[3/7] addr=0x0000f579 trans=AHB_TRANS_SEQ resp=AHB_RESP_OKAY wdata=0x7324b40c
# UVM_INFO ../src/slv/ahb_slave_driver.sv(184) @ 7035000: uvm_test_top.env.slave_agent.drv [ahb_slave_driver] Beat AHB_WRITE addr=0x0000f579 resp=AHB_RESP_OKAY waits=3 wdata=0x7324b40c
# UVM_INFO ../src/mst/ahb_master_monitor.sv(117) @ 7035000: uvm_test_top.env.master_agent.mon [ahb_master_monitor] Beat[3] addr=0x0000f579 wdata=0x7324b40c resp=AHB_RESP_OKAY
# UVM_INFO ../src/mst/ahb_master_driver.sv(332) @ 7055000: uvm_test_top.env.master_agent.drv [ahb_master_driver] Beat[4/7] addr=0x0000f57a trans=AHB_TRANS_SEQ resp=AHB_RESP_OKAY wdata=0x6b21c069
# UVM_INFO ../src/slv/ahb_slave_driver.sv(184) @ 7055000: uvm_test_top.env.slave_agent.drv [ahb_slave_driver] Beat AHB_WRITE addr=0x0000f57a resp=AHB_RESP_OKAY waits=1 wdata=0x6b21c069
# UVM_INFO ../src/mst/ahb_master_monitor.sv(117) @ 7055000: uvm_test_top.env.master_agent.mon [ahb_master_monitor] Beat[4] addr=0x0000f57a wdata=0x6b21c069 resp=AHB_RESP_OKAY
# UVM_INFO ../src/mst/ahb_master_driver.sv(332) @ 7095000: uvm_test_top.env.master_agent.drv [ahb_master_driver] Beat[5/7] addr=0x0000f57b trans=AHB_TRANS_SEQ resp=AHB_RESP_OKAY wdata=0x6bffce00
# UVM_INFO ../src/slv/ahb_slave_driver.sv(184) @ 7095000: uvm_test_top.env.slave_agent.drv [ahb_slave_driver] Beat AHB_WRITE addr=0x0000f57b resp=AHB_RESP_OKAY waits=3 wdata=0x6bffce00
# UVM_INFO ../src/mst/ahb_master_monitor.sv(117) @ 7095000: uvm_test_top.env.master_agent.mon [ahb_master_monitor] Beat[5] addr=0x0000f57b wdata=0x6bffce00 resp=AHB_RESP_OKAY
# UVM_INFO ../src/mst/ahb_master_driver.sv(332) @ 7115000: uvm_test_top.env.master_agent.drv [ahb_master_driver] Beat[6/7] addr=0x0000f57c trans=AHB_TRANS_SEQ resp=AHB_RESP_OKAY wdata=0x32b8e20f
# UVM_INFO ../src/mst/ahb_master_driver.sv(376) @ 7115000: uvm_test_top.env.master_agent.drv [ahb_master_driver] Transaction complete: AHB_WRITE 0x0000f576, 7 beats, burst=AHB_BURST_INCR
# UVM_INFO ../src/mst/ahb_master_driver.sv(127) @ 7115000: uvm_test_top.env.master_agent.drv [ahb_master_driver] Driving [AHB_READ]: HADDR=0x0000f576, HBURST=AHB_BURST_INCR, HSIZE=AHB_SIZE_8B, 7 beats (back-to-back)
# UVM_INFO ../src/slv/ahb_slave_driver.sv(184) @ 7115000: uvm_test_top.env.slave_agent.drv [ahb_slave_driver] Beat AHB_WRITE addr=0x0000f57c resp=AHB_RESP_OKAY waits=1 wdata=0x32b8e20f
# UVM_INFO ../src/slv/ahb_slave_monitor.sv(197) @ 7115000: uvm_test_top.env.slave_agent.mon [ahb_slave_monitor] Observed [AHB_WRITE]: HADDR=0x0000f576, HBURST=AHB_BURST_INCR, HSIZE=AHB_SIZE_8B, 7 beats
# UVM_INFO ../src/env/ahb_coverage.sv(126) @ 7115000: uvm_test_top.env.slave_cov [ahb_coverage] Sampled [AHB_WRITE]: burst=AHB_BURST_INCR size=AHB_SIZE_8B beats=7 error=0
# UVM_INFO ../src/mst/ahb_master_monitor.sv(117) @ 7115000: uvm_test_top.env.master_agent.mon [ahb_master_monitor] Beat[6] addr=0x0000f57c wdata=0x32b8e20f resp=AHB_RESP_OKAY
# UVM_INFO ../src/mst/ahb_master_monitor.sv(220) @ 7115000: uvm_test_top.env.master_agent.mon [ahb_master_monitor] Observed [AHB_WRITE]: HADDR=0x0000f576, HBURST=AHB_BURST_INCR, HSIZE=AHB_SIZE_8B, 7 beats
# UVM_INFO ../src/env/ahb_coverage.sv(126) @ 7115000: uvm_test_top.env.master_cov [ahb_coverage] Sampled [AHB_WRITE]: burst=AHB_BURST_INCR size=AHB_SIZE_8B beats=7 error=0
# UVM_INFO ../src/env/ahb_scoreboard.sv(104) @ 7115000: uvm_test_top.env.scb [ahb_scoreboard] MATCH #43: [AHB_WRITE] HADDR=0x0000f576 AHB_BURST_INCR 7 beats
# UVM_INFO ../src/mst/ahb_master_driver.sv(332) @ 7155000: uvm_test_top.env.master_agent.drv [ahb_master_driver] Beat[0/7] addr=0x0000f576 trans=AHB_TRANS_NONSEQ resp=AHB_RESP_OKAY rdata=0xf5c44a5d
# UVM_INFO ../src/slv/ahb_slave_driver.sv(184) @ 7155000: uvm_test_top.env.slave_agent.drv [ahb_slave_driver] Beat AHB_READ addr=0x0000f576 resp=AHB_RESP_OKAY waits=3 rdata=0xf5c44a5d
# UVM_INFO ../src/mst/ahb_master_monitor.sv(117) @ 7155000: uvm_test_top.env.master_agent.mon [ahb_master_monitor] Beat[0] addr=0x0000f576 rdata=0xf5c44a5d resp=AHB_RESP_OKAY
# UVM_INFO ../src/mst/ahb_master_driver.sv(332) @ 7195000: uvm_test_top.env.master_agent.drv [ahb_master_driver] Beat[1/7] addr=0x0000f577 trans=AHB_TRANS_SEQ resp=AHB_RESP_OKAY rdata=0x655c68ae
# UVM_INFO ../src/slv/ahb_slave_driver.sv(184) @ 7195000: uvm_test_top.env.slave_agent.drv [ahb_slave_driver] Beat AHB_READ addr=0x0000f577 resp=AHB_RESP_OKAY waits=3 rdata=0x655c68ae
# UVM_INFO ../src/mst/ahb_master_monitor.sv(117) @ 7195000: uvm_test_top.env.master_agent.mon [ahb_master_monitor] Beat[1] addr=0x0000f577 rdata=0x655c68ae resp=AHB_RESP_OKAY
# UVM_INFO ../src/mst/ahb_master_driver.sv(332) @ 7215000: uvm_test_top.env.master_agent.drv [ahb_master_driver] Beat[2/7] addr=0x0000f578 trans=AHB_TRANS_SEQ resp=AHB_RESP_OKAY rdata=0xed8201be
# UVM_INFO ../src/slv/ahb_slave_driver.sv(184) @ 7215000: uvm_test_top.env.slave_agent.drv [ahb_slave_driver] Beat AHB_READ addr=0x0000f578 resp=AHB_RESP_OKAY waits=1 rdata=0xed8201be
# UVM_INFO ../src/mst/ahb_master_monitor.sv(117) @ 7215000: uvm_test_top.env.master_agent.mon [ahb_master_monitor] Beat[2] addr=0x0000f578 rdata=0xed8201be resp=AHB_RESP_OKAY
# UVM_INFO ../src/mst/ahb_master_driver.sv(332) @ 7235000: uvm_test_top.env.master_agent.drv [ahb_master_driver] Beat[3/7] addr=0x0000f579 trans=AHB_TRANS_SEQ resp=AHB_RESP_OKAY rdata=0x7324b40c
# UVM_INFO ../src/slv/ahb_slave_driver.sv(184) @ 7235000: uvm_test_top.env.slave_agent.drv [ahb_slave_driver] Beat AHB_READ addr=0x0000f579 resp=AHB_RESP_OKAY waits=1 rdata=0x7324b40c
# UVM_INFO ../src/mst/ahb_master_monitor.sv(117) @ 7235000: uvm_test_top.env.master_agent.mon [ahb_master_monitor] Beat[3] addr=0x0000f579 rdata=0x7324b40c resp=AHB_RESP_OKAY
# UVM_INFO ../src/mst/ahb_master_driver.sv(332) @ 7255000: uvm_test_top.env.master_agent.drv [ahb_master_driver] Beat[4/7] addr=0x0000f57a trans=AHB_TRANS_SEQ resp=AHB_RESP_OKAY rdata=0x6b21c069
# UVM_INFO ../src/slv/ahb_slave_driver.sv(184) @ 7255000: uvm_test_top.env.slave_agent.drv [ahb_slave_driver] Beat AHB_READ addr=0x0000f57a resp=AHB_RESP_OKAY waits=1 rdata=0x6b21c069
# UVM_INFO ../src/mst/ahb_master_monitor.sv(117) @ 7255000: uvm_test_top.env.master_agent.mon [ahb_master_monitor] Beat[4] addr=0x0000f57a rdata=0x6b21c069 resp=AHB_RESP_OKAY
# UVM_INFO ../src/mst/ahb_master_driver.sv(332) @ 7275000: uvm_test_top.env.master_agent.drv [ahb_master_driver] Beat[5/7] addr=0x0000f57b trans=AHB_TRANS_SEQ resp=AHB_RESP_OKAY rdata=0x6bffce00
# UVM_INFO ../src/slv/ahb_slave_driver.sv(184) @ 7275000: uvm_test_top.env.slave_agent.drv [ahb_slave_driver] Beat AHB_READ addr=0x0000f57b resp=AHB_RESP_OKAY waits=1 rdata=0x6bffce00
# UVM_INFO ../src/mst/ahb_master_monitor.sv(117) @ 7275000: uvm_test_top.env.master_agent.mon [ahb_master_monitor] Beat[5] addr=0x0000f57b rdata=0x6bffce00 resp=AHB_RESP_OKAY
# UVM_INFO ../src/mst/ahb_master_driver.sv(332) @ 7295000: uvm_test_top.env.master_agent.drv [ahb_master_driver] Beat[6/7] addr=0x0000f57c trans=AHB_TRANS_SEQ resp=AHB_RESP_OKAY rdata=0x32b8e20f
# UVM_INFO ../src/mst/ahb_master_driver.sv(376) @ 7295000: uvm_test_top.env.master_agent.drv [ahb_master_driver] Transaction complete: AHB_READ 0x0000f576, 7 beats, burst=AHB_BURST_INCR
# UVM_INFO ../src/slv/ahb_slave_driver.sv(184) @ 7295000: uvm_test_top.env.slave_agent.drv [ahb_slave_driver] Beat AHB_READ addr=0x0000f57c resp=AHB_RESP_OKAY waits=1 rdata=0x32b8e20f
# UVM_INFO ../src/slv/ahb_slave_monitor.sv(197) @ 7295000: uvm_test_top.env.slave_agent.mon [ahb_slave_monitor] Observed [AHB_READ]: HADDR=0x0000f576, HBURST=AHB_BURST_INCR, HSIZE=AHB_SIZE_8B, 7 beats
# UVM_INFO ../src/env/ahb_coverage.sv(126) @ 7295000: uvm_test_top.env.slave_cov [ahb_coverage] Sampled [AHB_READ]: burst=AHB_BURST_INCR size=AHB_SIZE_8B beats=7 error=0
# UVM_INFO ../src/mst/ahb_master_monitor.sv(117) @ 7295000: uvm_test_top.env.master_agent.mon [ahb_master_monitor] Beat[6] addr=0x0000f57c rdata=0x32b8e20f resp=AHB_RESP_OKAY
# UVM_INFO ../src/mst/ahb_master_monitor.sv(220) @ 7295000: uvm_test_top.env.master_agent.mon [ahb_master_monitor] Observed [AHB_READ]: HADDR=0x0000f576, HBURST=AHB_BURST_INCR, HSIZE=AHB_SIZE_8B, 7 beats
# UVM_INFO ../src/env/ahb_coverage.sv(126) @ 7295000: uvm_test_top.env.master_cov [ahb_coverage] Sampled [AHB_READ]: burst=AHB_BURST_INCR size=AHB_SIZE_8B beats=7 error=0
# UVM_INFO ../src/env/ahb_scoreboard.sv(104) @ 7295000: uvm_test_top.env.scb [ahb_scoreboard] MATCH #44: [AHB_READ] HADDR=0x0000f576 AHB_BURST_INCR 7 beats
# UVM_INFO ../src/mst_seq/ahb_base_seq.sv(157) @ 7295000: uvm_test_top.env.master_agent.sqr@@seq [ahb_idle_seq] AHB_BURST_INCR AHB_SIZE_8B beat 0 @0x0000f576 ok
# UVM_INFO ../src/mst_seq/ahb_base_seq.sv(157) @ 7295000: uvm_test_top.env.master_agent.sqr@@seq [ahb_idle_seq] AHB_BURST_INCR AHB_SIZE_8B beat 1 @0x0000f577 ok
# UVM_INFO ../src/mst_seq/ahb_base_seq.sv(157) @ 7295000: uvm_test_top.env.master_agent.sqr@@seq [ahb_idle_seq] AHB_BURST_INCR AHB_SIZE_8B beat 2 @0x0000f578 ok
# UVM_INFO ../src/mst_seq/ahb_base_seq.sv(157) @ 7295000: uvm_test_top.env.master_agent.sqr@@seq [ahb_idle_seq] AHB_BURST_INCR AHB_SIZE_8B beat 3 @0x0000f579 ok
# UVM_INFO ../src/mst_seq/ahb_base_seq.sv(157) @ 7295000: uvm_test_top.env.master_agent.sqr@@seq [ahb_idle_seq] AHB_BURST_INCR AHB_SIZE_8B beat 4 @0x0000f57a ok
# UVM_INFO ../src/mst_seq/ahb_base_seq.sv(157) @ 7295000: uvm_test_top.env.master_agent.sqr@@seq [ahb_idle_seq] AHB_BURST_INCR AHB_SIZE_8B beat 5 @0x0000f57b ok
# UVM_INFO ../src/mst_seq/ahb_base_seq.sv(157) @ 7295000: uvm_test_top.env.master_agent.sqr@@seq [ahb_idle_seq] AHB_BURST_INCR AHB_SIZE_8B beat 6 @0x0000f57c ok
# UVM_INFO ../src/mst_seq/ahb_idle_seq.sv(324) @ 7325000: uvm_test_top.env.master_agent.sqr@@seq [ahb_idle_seq] [in-wait] AHB_BURST_WRAP8 AHB_SIZE_8B @0x0000f59e, 8 beats
# UVM_INFO ../src/mst/ahb_master_driver.sv(85) @ 7325000: uvm_test_top.env.master_agent.drv [ahb_master_driver] Queueing [AHB_WRITE]: HADDR=0x0000f59e, HBURST=AHB_BURST_WRAP8, HSIZE=AHB_SIZE_8B, 8 beats
# UVM_INFO ../src/mst/ahb_master_driver.sv(127) @ 7325000: uvm_test_top.env.master_agent.drv [ahb_master_driver] Driving [AHB_WRITE]: HADDR=0x0000f59e, HBURST=AHB_BURST_WRAP8, HSIZE=AHB_SIZE_8B, 8 beats               
# UVM_INFO ../src/mst/ahb_master_driver.sv(85) @ 7325000: uvm_test_top.env.master_agent.drv [ahb_master_driver] Queueing [AHB_READ]: HADDR=0x0000f59e, HBURST=AHB_BURST_WRAP8, HSIZE=AHB_SIZE_8B, 8 beats
# UVM_INFO ../src/mst/ahb_master_driver.sv(332) @ 7385000: uvm_test_top.env.master_agent.drv [ahb_master_driver] Beat[0/8] addr=0x0000f59e trans=AHB_TRANS_NONSEQ resp=AHB_RESP_OKAY wdata=0xc471cbec
# UVM_INFO ../src/slv/ahb_slave_driver.sv(184) @ 7385000: uvm_test_top.env.slave_agent.drv [ahb_slave_driver] Beat AHB_WRITE addr=0x0000f59e resp=AHB_RESP_OKAY waits=3 wdata=0xc471cbec
# UVM_INFO ../src/mst/ahb_master_monitor.sv(117) @ 7385000: uvm_test_top.env.master_agent.mon [ahb_master_monitor] Beat[0] addr=0x0000f59e wdata=0xc471cbec resp=AHB_RESP_OKAY
# UVM_INFO ../src/mst/ahb_master_driver.sv(332) @ 7415000: uvm_test_top.env.master_agent.drv [ahb_master_driver] Beat[1/8] addr=0x0000f59f trans=AHB_TRANS_SEQ resp=AHB_RESP_OKAY wdata=0xdab07f1a
# UVM_INFO ../src/slv/ahb_slave_driver.sv(184) @ 7415000: uvm_test_top.env.slave_agent.drv [ahb_slave_driver] Beat AHB_WRITE addr=0x0000f59f resp=AHB_RESP_OKAY waits=2 wdata=0xdab07f1a
# UVM_INFO ../src/mst/ahb_master_monitor.sv(117) @ 7415000: uvm_test_top.env.master_agent.mon [ahb_master_monitor] Beat[1] addr=0x0000f59f wdata=0xdab07f1a resp=AHB_RESP_OKAY
# UVM_INFO ../src/mst/ahb_master_driver.sv(332) @ 7435000: uvm_test_top.env.master_agent.drv [ahb_master_driver] Beat[2/8] addr=0x0000f598 trans=AHB_TRANS_SEQ resp=AHB_RESP_OKAY wdata=0xa7797159
# UVM_INFO ../src/slv/ahb_slave_driver.sv(184) @ 7435000: uvm_test_top.env.slave_agent.drv [ahb_slave_driver] Beat AHB_WRITE addr=0x0000f598 resp=AHB_RESP_OKAY waits=1 wdata=0xa7797159
# UVM_INFO ../src/mst/ahb_master_monitor.sv(117) @ 7435000: uvm_test_top.env.master_agent.mon [ahb_master_monitor] Beat[2] addr=0x0000f598 wdata=0xa7797159 resp=AHB_RESP_OKAY
# UVM_INFO ../src/mst/ahb_master_driver.sv(332) @ 7455000: uvm_test_top.env.master_agent.drv [ahb_master_driver] Beat[3/8] addr=0x0000f599 trans=AHB_TRANS_SEQ resp=AHB_RESP_OKAY wdata=0xfbc3985a
# UVM_INFO ../src/slv/ahb_slave_driver.sv(184) @ 7455000: uvm_test_top.env.slave_agent.drv [ahb_slave_driver] Beat AHB_WRITE addr=0x0000f599 resp=AHB_RESP_OKAY waits=1 wdata=0xfbc3985a
# UVM_INFO ../src/mst/ahb_master_monitor.sv(117) @ 7455000: uvm_test_top.env.master_agent.mon [ahb_master_monitor] Beat[3] addr=0x0000f599 wdata=0xfbc3985a resp=AHB_RESP_OKAY
# UVM_INFO ../src/mst/ahb_master_driver.sv(332) @ 7495000: uvm_test_top.env.master_agent.drv [ahb_master_driver] Beat[4/8] addr=0x0000f59a trans=AHB_TRANS_SEQ resp=AHB_RESP_OKAY wdata=0x5655e402
# UVM_INFO ../src/slv/ahb_slave_driver.sv(184) @ 7495000: uvm_test_top.env.slave_agent.drv [ahb_slave_driver] Beat AHB_WRITE addr=0x0000f59a resp=AHB_RESP_OKAY waits=3 wdata=0x5655e402
# UVM_INFO ../src/mst/ahb_master_monitor.sv(117) @ 7495000: uvm_test_top.env.master_agent.mon [ahb_master_monitor] Beat[4] addr=0x0000f59a wdata=0x5655e402 resp=AHB_RESP_OKAY
# UVM_INFO ../src/mst/ahb_master_driver.sv(332) @ 7525000: uvm_test_top.env.master_agent.drv [ahb_master_driver] Beat[5/8] addr=0x0000f59b trans=AHB_TRANS_SEQ resp=AHB_RESP_OKAY wdata=0x19f3c5e9
# UVM_INFO ../src/slv/ahb_slave_driver.sv(184) @ 7525000: uvm_test_top.env.slave_agent.drv [ahb_slave_driver] Beat AHB_WRITE addr=0x0000f59b resp=AHB_RESP_OKAY waits=2 wdata=0x19f3c5e9
# UVM_INFO ../src/mst/ahb_master_monitor.sv(117) @ 7525000: uvm_test_top.env.master_agent.mon [ahb_master_monitor] Beat[5] addr=0x0000f59b wdata=0x19f3c5e9 resp=AHB_RESP_OKAY
# UVM_INFO ../src/mst/ahb_master_driver.sv(332) @ 7565000: uvm_test_top.env.master_agent.drv [ahb_master_driver] Beat[6/8] addr=0x0000f59c trans=AHB_TRANS_SEQ resp=AHB_RESP_OKAY wdata=0x27668729
# UVM_INFO ../src/slv/ahb_slave_driver.sv(184) @ 7565000: uvm_test_top.env.slave_agent.drv [ahb_slave_driver] Beat AHB_WRITE addr=0x0000f59c resp=AHB_RESP_OKAY waits=3 wdata=0x27668729
# UVM_INFO ../src/mst/ahb_master_monitor.sv(117) @ 7565000: uvm_test_top.env.master_agent.mon [ahb_master_monitor] Beat[6] addr=0x0000f59c wdata=0x27668729 resp=AHB_RESP_OKAY
# UVM_INFO ../src/mst/ahb_master_driver.sv(332) @ 7585000: uvm_test_top.env.master_agent.drv [ahb_master_driver] Beat[7/8] addr=0x0000f59d trans=AHB_TRANS_SEQ resp=AHB_RESP_OKAY wdata=0xcff71cdb
# UVM_INFO ../src/mst/ahb_master_driver.sv(376) @ 7585000: uvm_test_top.env.master_agent.drv [ahb_master_driver] Transaction complete: AHB_WRITE 0x0000f59e, 8 beats, burst=AHB_BURST_WRAP8
# UVM_INFO ../src/mst/ahb_master_driver.sv(127) @ 7585000: uvm_test_top.env.master_agent.drv [ahb_master_driver] Driving [AHB_READ]: HADDR=0x0000f59e, HBURST=AHB_BURST_WRAP8, HSIZE=AHB_SIZE_8B, 8 beats (back-to-back)
# UVM_INFO ../src/slv/ahb_slave_driver.sv(184) @ 7585000: uvm_test_top.env.slave_agent.drv [ahb_slave_driver] Beat AHB_WRITE addr=0x0000f59d resp=AHB_RESP_OKAY waits=1 wdata=0xcff71cdb
# UVM_INFO ../src/mst/ahb_master_monitor.sv(117) @ 7585000: uvm_test_top.env.master_agent.mon [ahb_master_monitor] Beat[7] addr=0x0000f59d wdata=0xcff71cdb resp=AHB_RESP_OKAY
# UVM_INFO ../src/mst/ahb_master_monitor.sv(220) @ 7585000: uvm_test_top.env.master_agent.mon [ahb_master_monitor] Observed [AHB_WRITE]: HADDR=0x0000f59e, HBURST=AHB_BURST_WRAP8, HSIZE=AHB_SIZE_8B, 8 beats
# UVM_INFO ../src/env/ahb_coverage.sv(126) @ 7585000: uvm_test_top.env.master_cov [ahb_coverage] Sampled [AHB_WRITE]: burst=AHB_BURST_WRAP8 size=AHB_SIZE_8B beats=8 error=0
# UVM_INFO ../src/slv/ahb_slave_monitor.sv(197) @ 7585000: uvm_test_top.env.slave_agent.mon [ahb_slave_monitor] Observed [AHB_WRITE]: HADDR=0x0000f59e, HBURST=AHB_BURST_WRAP8, HSIZE=AHB_SIZE_8B, 8 beats
# UVM_INFO ../src/env/ahb_scoreboard.sv(104) @ 7585000: uvm_test_top.env.scb [ahb_scoreboard] MATCH #45: [AHB_WRITE] HADDR=0x0000f59e AHB_BURST_WRAP8 8 beats
# UVM_INFO ../src/env/ahb_coverage.sv(126) @ 7585000: uvm_test_top.env.slave_cov [ahb_coverage] Sampled [AHB_WRITE]: burst=AHB_BURST_WRAP8 size=AHB_SIZE_8B beats=8 error=0
# UVM_INFO ../src/mst/ahb_master_driver.sv(332) @ 7605000: uvm_test_top.env.master_agent.drv [ahb_master_driver] Beat[0/8] addr=0x0000f59e trans=AHB_TRANS_NONSEQ resp=AHB_RESP_OKAY rdata=0xc471cbec
# UVM_INFO ../src/slv/ahb_slave_driver.sv(184) @ 7605000: uvm_test_top.env.slave_agent.drv [ahb_slave_driver] Beat AHB_READ addr=0x0000f59e resp=AHB_RESP_OKAY waits=1 rdata=0xc471cbec
# UVM_INFO ../src/mst/ahb_master_monitor.sv(117) @ 7605000: uvm_test_top.env.master_agent.mon [ahb_master_monitor] Beat[0] addr=0x0000f59e rdata=0xc471cbec resp=AHB_RESP_OKAY
# UVM_INFO ../src/mst/ahb_master_driver.sv(332) @ 7635000: uvm_test_top.env.master_agent.drv [ahb_master_driver] Beat[1/8] addr=0x0000f59f trans=AHB_TRANS_SEQ resp=AHB_RESP_OKAY rdata=0xdab07f1a
# UVM_INFO ../src/slv/ahb_slave_driver.sv(184) @ 7635000: uvm_test_top.env.slave_agent.drv [ahb_slave_driver] Beat AHB_READ addr=0x0000f59f resp=AHB_RESP_OKAY waits=2 rdata=0xdab07f1a
# UVM_INFO ../src/mst/ahb_master_monitor.sv(117) @ 7635000: uvm_test_top.env.master_agent.mon [ahb_master_monitor] Beat[1] addr=0x0000f59f rdata=0xdab07f1a resp=AHB_RESP_OKAY
# UVM_INFO ../src/mst/ahb_master_driver.sv(332) @ 7655000: uvm_test_top.env.master_agent.drv [ahb_master_driver] Beat[2/8] addr=0x0000f598 trans=AHB_TRANS_SEQ resp=AHB_RESP_OKAY rdata=0xa7797159
# UVM_INFO ../src/slv/ahb_slave_driver.sv(184) @ 7655000: uvm_test_top.env.slave_agent.drv [ahb_slave_driver] Beat AHB_READ addr=0x0000f598 resp=AHB_RESP_OKAY waits=1 rdata=0xa7797159
# UVM_INFO ../src/mst/ahb_master_monitor.sv(117) @ 7655000: uvm_test_top.env.master_agent.mon [ahb_master_monitor] Beat[2] addr=0x0000f598 rdata=0xa7797159 resp=AHB_RESP_OKAY
# UVM_INFO ../src/mst/ahb_master_driver.sv(332) @ 7685000: uvm_test_top.env.master_agent.drv [ahb_master_driver] Beat[3/8] addr=0x0000f599 trans=AHB_TRANS_SEQ resp=AHB_RESP_OKAY rdata=0xfbc3985a
# UVM_INFO ../src/slv/ahb_slave_driver.sv(184) @ 7685000: uvm_test_top.env.slave_agent.drv [ahb_slave_driver] Beat AHB_READ addr=0x0000f599 resp=AHB_RESP_OKAY waits=2 rdata=0xfbc3985a
# UVM_INFO ../src/mst/ahb_master_monitor.sv(117) @ 7685000: uvm_test_top.env.master_agent.mon [ahb_master_monitor] Beat[3] addr=0x0000f599 rdata=0xfbc3985a resp=AHB_RESP_OKAY
# UVM_INFO ../src/mst/ahb_master_driver.sv(332) @ 7705000: uvm_test_top.env.master_agent.drv [ahb_master_driver] Beat[4/8] addr=0x0000f59a trans=AHB_TRANS_SEQ resp=AHB_RESP_OKAY rdata=0x5655e402
# UVM_INFO ../src/slv/ahb_slave_driver.sv(184) @ 7705000: uvm_test_top.env.slave_agent.drv [ahb_slave_driver] Beat AHB_READ addr=0x0000f59a resp=AHB_RESP_OKAY waits=1 rdata=0x5655e402
# UVM_INFO ../src/mst/ahb_master_monitor.sv(117) @ 7705000: uvm_test_top.env.master_agent.mon [ahb_master_monitor] Beat[4] addr=0x0000f59a rdata=0x5655e402 resp=AHB_RESP_OKAY
# UVM_INFO ../src/mst/ahb_master_driver.sv(332) @ 7735000: uvm_test_top.env.master_agent.drv [ahb_master_driver] Beat[5/8] addr=0x0000f59b trans=AHB_TRANS_SEQ resp=AHB_RESP_OKAY rdata=0x19f3c5e9
# UVM_INFO ../src/slv/ahb_slave_driver.sv(184) @ 7735000: uvm_test_top.env.slave_agent.drv [ahb_slave_driver] Beat AHB_READ addr=0x0000f59b resp=AHB_RESP_OKAY waits=2 rdata=0x19f3c5e9
# UVM_INFO ../src/mst/ahb_master_monitor.sv(117) @ 7735000: uvm_test_top.env.master_agent.mon [ahb_master_monitor] Beat[5] addr=0x0000f59b rdata=0x19f3c5e9 resp=AHB_RESP_OKAY
# UVM_INFO ../src/mst/ahb_master_driver.sv(332) @ 7775000: uvm_test_top.env.master_agent.drv [ahb_master_driver] Beat[6/8] addr=0x0000f59c trans=AHB_TRANS_SEQ resp=AHB_RESP_OKAY rdata=0x27668729
# UVM_INFO ../src/slv/ahb_slave_driver.sv(184) @ 7775000: uvm_test_top.env.slave_agent.drv [ahb_slave_driver] Beat AHB_READ addr=0x0000f59c resp=AHB_RESP_OKAY waits=3 rdata=0x27668729
# UVM_INFO ../src/mst/ahb_master_monitor.sv(117) @ 7775000: uvm_test_top.env.master_agent.mon [ahb_master_monitor] Beat[6] addr=0x0000f59c rdata=0x27668729 resp=AHB_RESP_OKAY
# UVM_INFO ../src/mst/ahb_master_driver.sv(332) @ 7805000: uvm_test_top.env.master_agent.drv [ahb_master_driver] Beat[7/8] addr=0x0000f59d trans=AHB_TRANS_SEQ resp=AHB_RESP_OKAY rdata=0xcff71cdb
# UVM_INFO ../src/mst/ahb_master_driver.sv(376) @ 7805000: uvm_test_top.env.master_agent.drv [ahb_master_driver] Transaction complete: AHB_READ 0x0000f59e, 8 beats, burst=AHB_BURST_WRAP8
# UVM_INFO ../src/slv/ahb_slave_driver.sv(184) @ 7805000: uvm_test_top.env.slave_agent.drv [ahb_slave_driver] Beat AHB_READ addr=0x0000f59d resp=AHB_RESP_OKAY waits=2 rdata=0xcff71cdb
# UVM_INFO ../src/mst/ahb_master_monitor.sv(117) @ 7805000: uvm_test_top.env.master_agent.mon [ahb_master_monitor] Beat[7] addr=0x0000f59d rdata=0xcff71cdb resp=AHB_RESP_OKAY
# UVM_INFO ../src/mst/ahb_master_monitor.sv(220) @ 7805000: uvm_test_top.env.master_agent.mon [ahb_master_monitor] Observed [AHB_READ]: HADDR=0x0000f59e, HBURST=AHB_BURST_WRAP8, HSIZE=AHB_SIZE_8B, 8 beats
# UVM_INFO ../src/env/ahb_coverage.sv(126) @ 7805000: uvm_test_top.env.master_cov [ahb_coverage] Sampled [AHB_READ]: burst=AHB_BURST_WRAP8 size=AHB_SIZE_8B beats=8 error=0
# UVM_INFO ../src/slv/ahb_slave_monitor.sv(197) @ 7805000: uvm_test_top.env.slave_agent.mon [ahb_slave_monitor] Observed [AHB_READ]: HADDR=0x0000f59e, HBURST=AHB_BURST_WRAP8, HSIZE=AHB_SIZE_8B, 8 beats
# UVM_INFO ../src/env/ahb_scoreboard.sv(104) @ 7805000: uvm_test_top.env.scb [ahb_scoreboard] MATCH #46: [AHB_READ] HADDR=0x0000f59e AHB_BURST_WRAP8 8 beats
# UVM_INFO ../src/env/ahb_coverage.sv(126) @ 7805000: uvm_test_top.env.slave_cov [ahb_coverage] Sampled [AHB_READ]: burst=AHB_BURST_WRAP8 size=AHB_SIZE_8B beats=8 error=0
# UVM_INFO ../src/mst_seq/ahb_base_seq.sv(157) @ 7805000: uvm_test_top.env.master_agent.sqr@@seq [ahb_idle_seq] AHB_BURST_WRAP8 AHB_SIZE_8B beat 0 @0x0000f59e ok
# UVM_INFO ../src/mst_seq/ahb_base_seq.sv(157) @ 7805000: uvm_test_top.env.master_agent.sqr@@seq [ahb_idle_seq] AHB_BURST_WRAP8 AHB_SIZE_8B beat 1 @0x0000f59f ok
# UVM_INFO ../src/mst_seq/ahb_base_seq.sv(157) @ 7805000: uvm_test_top.env.master_agent.sqr@@seq [ahb_idle_seq] AHB_BURST_WRAP8 AHB_SIZE_8B beat 2 @0x0000f598 ok
# UVM_INFO ../src/mst_seq/ahb_base_seq.sv(157) @ 7805000: uvm_test_top.env.master_agent.sqr@@seq [ahb_idle_seq] AHB_BURST_WRAP8 AHB_SIZE_8B beat 3 @0x0000f599 ok
# UVM_INFO ../src/mst_seq/ahb_base_seq.sv(157) @ 7805000: uvm_test_top.env.master_agent.sqr@@seq [ahb_idle_seq] AHB_BURST_WRAP8 AHB_SIZE_8B beat 4 @0x0000f59a ok
# UVM_INFO ../src/mst_seq/ahb_base_seq.sv(157) @ 7805000: uvm_test_top.env.master_agent.sqr@@seq [ahb_idle_seq] AHB_BURST_WRAP8 AHB_SIZE_8B beat 5 @0x0000f59b ok
# UVM_INFO ../src/mst_seq/ahb_base_seq.sv(157) @ 7805000: uvm_test_top.env.master_agent.sqr@@seq [ahb_idle_seq] AHB_BURST_WRAP8 AHB_SIZE_8B beat 6 @0x0000f59c ok
# UVM_INFO ../src/mst_seq/ahb_base_seq.sv(157) @ 7805000: uvm_test_top.env.master_agent.sqr@@seq [ahb_idle_seq] AHB_BURST_WRAP8 AHB_SIZE_8B beat 7 @0x0000f59d ok
# UVM_INFO ../src/mst_seq/ahb_idle_seq.sv(324) @ 7825000: uvm_test_top.env.master_agent.sqr@@seq [ahb_idle_seq] [in-wait] AHB_BURST_INCR4 AHB_SIZE_8B @0x0000f5d5, 4 beats
# UVM_INFO ../src/mst/ahb_master_driver.sv(85) @ 7825000: uvm_test_top.env.master_agent.drv [ahb_master_driver] Queueing [AHB_WRITE]: HADDR=0x0000f5d5, HBURST=AHB_BURST_INCR4, HSIZE=AHB_SIZE_8B, 4 beats
# UVM_INFO ../src/mst/ahb_master_driver.sv(127) @ 7825000: uvm_test_top.env.master_agent.drv [ahb_master_driver] Driving [AHB_WRITE]: HADDR=0x0000f5d5, HBURST=AHB_BURST_INCR4, HSIZE=AHB_SIZE_8B, 4 beats               
# UVM_INFO ../src/mst/ahb_master_driver.sv(85) @ 7825000: uvm_test_top.env.master_agent.drv [ahb_master_driver] Queueing [AHB_READ]: HADDR=0x0000f5d5, HBURST=AHB_BURST_INCR4, HSIZE=AHB_SIZE_8B, 4 beats
# UVM_INFO ../src/mst/ahb_master_driver.sv(332) @ 7875000: uvm_test_top.env.master_agent.drv [ahb_master_driver] Beat[0/4] addr=0x0000f5d5 trans=AHB_TRANS_NONSEQ resp=AHB_RESP_OKAY wdata=0x4161fe80
# UVM_INFO ../src/slv/ahb_slave_driver.sv(184) @ 7875000: uvm_test_top.env.slave_agent.drv [ahb_slave_driver] Beat AHB_WRITE addr=0x0000f5d5 resp=AHB_RESP_OKAY waits=2 wdata=0x4161fe80
# UVM_INFO ../src/mst/ahb_master_monitor.sv(117) @ 7875000: uvm_test_top.env.master_agent.mon [ahb_master_monitor] Beat[0] addr=0x0000f5d5 wdata=0x4161fe80 resp=AHB_RESP_OKAY
# UVM_INFO ../src/mst/ahb_master_driver.sv(332) @ 7915000: uvm_test_top.env.master_agent.drv [ahb_master_driver] Beat[1/4] addr=0x0000f5d6 trans=AHB_TRANS_SEQ resp=AHB_RESP_OKAY wdata=0xcf897f25
# UVM_INFO ../src/slv/ahb_slave_driver.sv(184) @ 7915000: uvm_test_top.env.slave_agent.drv [ahb_slave_driver] Beat AHB_WRITE addr=0x0000f5d6 resp=AHB_RESP_OKAY waits=3 wdata=0xcf897f25
# UVM_INFO ../src/mst/ahb_master_monitor.sv(117) @ 7915000: uvm_test_top.env.master_agent.mon [ahb_master_monitor] Beat[1] addr=0x0000f5d6 wdata=0xcf897f25 resp=AHB_RESP_OKAY
# UVM_INFO ../src/mst/ahb_master_driver.sv(332) @ 7935000: uvm_test_top.env.master_agent.drv [ahb_master_driver] Beat[2/4] addr=0x0000f5d7 trans=AHB_TRANS_SEQ resp=AHB_RESP_OKAY wdata=0x7527d2ad
# UVM_INFO ../src/slv/ahb_slave_driver.sv(184) @ 7935000: uvm_test_top.env.slave_agent.drv [ahb_slave_driver] Beat AHB_WRITE addr=0x0000f5d7 resp=AHB_RESP_OKAY waits=1 wdata=0x7527d2ad
# UVM_INFO ../src/mst/ahb_master_monitor.sv(117) @ 7935000: uvm_test_top.env.master_agent.mon [ahb_master_monitor] Beat[2] addr=0x0000f5d7 wdata=0x7527d2ad resp=AHB_RESP_OKAY
# UVM_INFO ../src/mst/ahb_master_driver.sv(332) @ 7955000: uvm_test_top.env.master_agent.drv [ahb_master_driver] Beat[3/4] addr=0x0000f5d8 trans=AHB_TRANS_SEQ resp=AHB_RESP_OKAY wdata=0x785dfeb4
# UVM_INFO ../src/mst/ahb_master_driver.sv(376) @ 7955000: uvm_test_top.env.master_agent.drv [ahb_master_driver] Transaction complete: AHB_WRITE 0x0000f5d5, 4 beats, burst=AHB_BURST_INCR4
# UVM_INFO ../src/mst/ahb_master_driver.sv(127) @ 7955000: uvm_test_top.env.master_agent.drv [ahb_master_driver] Driving [AHB_READ]: HADDR=0x0000f5d5, HBURST=AHB_BURST_INCR4, HSIZE=AHB_SIZE_8B, 4 beats (back-to-back)
# UVM_INFO ../src/slv/ahb_slave_driver.sv(184) @ 7955000: uvm_test_top.env.slave_agent.drv [ahb_slave_driver] Beat AHB_WRITE addr=0x0000f5d8 resp=AHB_RESP_OKAY waits=1 wdata=0x785dfeb4
# UVM_INFO ../src/slv/ahb_slave_monitor.sv(197) @ 7955000: uvm_test_top.env.slave_agent.mon [ahb_slave_monitor] Observed [AHB_WRITE]: HADDR=0x0000f5d5, HBURST=AHB_BURST_INCR4, HSIZE=AHB_SIZE_8B, 4 beats
# UVM_INFO ../src/env/ahb_coverage.sv(126) @ 7955000: uvm_test_top.env.slave_cov [ahb_coverage] Sampled [AHB_WRITE]: burst=AHB_BURST_INCR4 size=AHB_SIZE_8B beats=4 error=0
# UVM_INFO ../src/mst/ahb_master_monitor.sv(117) @ 7955000: uvm_test_top.env.master_agent.mon [ahb_master_monitor] Beat[3] addr=0x0000f5d8 wdata=0x785dfeb4 resp=AHB_RESP_OKAY
# UVM_INFO ../src/mst/ahb_master_monitor.sv(220) @ 7955000: uvm_test_top.env.master_agent.mon [ahb_master_monitor] Observed [AHB_WRITE]: HADDR=0x0000f5d5, HBURST=AHB_BURST_INCR4, HSIZE=AHB_SIZE_8B, 4 beats
# UVM_INFO ../src/env/ahb_coverage.sv(126) @ 7955000: uvm_test_top.env.master_cov [ahb_coverage] Sampled [AHB_WRITE]: burst=AHB_BURST_INCR4 size=AHB_SIZE_8B beats=4 error=0
# UVM_INFO ../src/env/ahb_scoreboard.sv(104) @ 7955000: uvm_test_top.env.scb [ahb_scoreboard] MATCH #47: [AHB_WRITE] HADDR=0x0000f5d5 AHB_BURST_INCR4 4 beats
# UVM_INFO ../src/mst/ahb_master_driver.sv(332) @ 7975000: uvm_test_top.env.master_agent.drv [ahb_master_driver] Beat[0/4] addr=0x0000f5d5 trans=AHB_TRANS_NONSEQ resp=AHB_RESP_OKAY rdata=0x4161fe80
# UVM_INFO ../src/slv/ahb_slave_driver.sv(184) @ 7975000: uvm_test_top.env.slave_agent.drv [ahb_slave_driver] Beat AHB_READ addr=0x0000f5d5 resp=AHB_RESP_OKAY waits=1 rdata=0x4161fe80
# UVM_INFO ../src/mst/ahb_master_monitor.sv(117) @ 7975000: uvm_test_top.env.master_agent.mon [ahb_master_monitor] Beat[0] addr=0x0000f5d5 rdata=0x4161fe80 resp=AHB_RESP_OKAY
# UVM_INFO ../src/mst/ahb_master_driver.sv(332) @ 7995000: uvm_test_top.env.master_agent.drv [ahb_master_driver] Beat[1/4] addr=0x0000f5d6 trans=AHB_TRANS_SEQ resp=AHB_RESP_OKAY rdata=0xcf897f25
# UVM_INFO ../src/slv/ahb_slave_driver.sv(184) @ 7995000: uvm_test_top.env.slave_agent.drv [ahb_slave_driver] Beat AHB_READ addr=0x0000f5d6 resp=AHB_RESP_OKAY waits=1 rdata=0xcf897f25
# UVM_INFO ../src/mst/ahb_master_monitor.sv(117) @ 7995000: uvm_test_top.env.master_agent.mon [ahb_master_monitor] Beat[1] addr=0x0000f5d6 rdata=0xcf897f25 resp=AHB_RESP_OKAY
# UVM_INFO ../src/mst/ahb_master_driver.sv(332) @ 8035000: uvm_test_top.env.master_agent.drv [ahb_master_driver] Beat[2/4] addr=0x0000f5d7 trans=AHB_TRANS_SEQ resp=AHB_RESP_OKAY rdata=0x7527d2ad
# UVM_INFO ../src/slv/ahb_slave_driver.sv(184) @ 8035000: uvm_test_top.env.slave_agent.drv [ahb_slave_driver] Beat AHB_READ addr=0x0000f5d7 resp=AHB_RESP_OKAY waits=3 rdata=0x7527d2ad
# UVM_INFO ../src/mst/ahb_master_monitor.sv(117) @ 8035000: uvm_test_top.env.master_agent.mon [ahb_master_monitor] Beat[2] addr=0x0000f5d7 rdata=0x7527d2ad resp=AHB_RESP_OKAY
# UVM_INFO ../src/mst/ahb_master_driver.sv(332) @ 8075000: uvm_test_top.env.master_agent.drv [ahb_master_driver] Beat[3/4] addr=0x0000f5d8 trans=AHB_TRANS_SEQ resp=AHB_RESP_OKAY rdata=0x785dfeb4
# UVM_INFO ../src/mst/ahb_master_driver.sv(376) @ 8075000: uvm_test_top.env.master_agent.drv [ahb_master_driver] Transaction complete: AHB_READ 0x0000f5d5, 4 beats, burst=AHB_BURST_INCR4
# UVM_INFO ../src/slv/ahb_slave_driver.sv(184) @ 8075000: uvm_test_top.env.slave_agent.drv [ahb_slave_driver] Beat AHB_READ addr=0x0000f5d8 resp=AHB_RESP_OKAY waits=3 rdata=0x785dfeb4
# UVM_INFO ../src/slv/ahb_slave_monitor.sv(197) @ 8075000: uvm_test_top.env.slave_agent.mon [ahb_slave_monitor] Observed [AHB_READ]: HADDR=0x0000f5d5, HBURST=AHB_BURST_INCR4, HSIZE=AHB_SIZE_8B, 4 beats
# UVM_INFO ../src/env/ahb_coverage.sv(126) @ 8075000: uvm_test_top.env.slave_cov [ahb_coverage] Sampled [AHB_READ]: burst=AHB_BURST_INCR4 size=AHB_SIZE_8B beats=4 error=0
# UVM_INFO ../src/mst/ahb_master_monitor.sv(117) @ 8075000: uvm_test_top.env.master_agent.mon [ahb_master_monitor] Beat[3] addr=0x0000f5d8 rdata=0x785dfeb4 resp=AHB_RESP_OKAY
# UVM_INFO ../src/mst/ahb_master_monitor.sv(220) @ 8075000: uvm_test_top.env.master_agent.mon [ahb_master_monitor] Observed [AHB_READ]: HADDR=0x0000f5d5, HBURST=AHB_BURST_INCR4, HSIZE=AHB_SIZE_8B, 4 beats
# UVM_INFO ../src/env/ahb_coverage.sv(126) @ 8075000: uvm_test_top.env.master_cov [ahb_coverage] Sampled [AHB_READ]: burst=AHB_BURST_INCR4 size=AHB_SIZE_8B beats=4 error=0
# UVM_INFO ../src/env/ahb_scoreboard.sv(104) @ 8075000: uvm_test_top.env.scb [ahb_scoreboard] MATCH #48: [AHB_READ] HADDR=0x0000f5d5 AHB_BURST_INCR4 4 beats
# UVM_INFO ../src/mst_seq/ahb_base_seq.sv(157) @ 8075000: uvm_test_top.env.master_agent.sqr@@seq [ahb_idle_seq] AHB_BURST_INCR4 AHB_SIZE_8B beat 0 @0x0000f5d5 ok
# UVM_INFO ../src/mst_seq/ahb_base_seq.sv(157) @ 8075000: uvm_test_top.env.master_agent.sqr@@seq [ahb_idle_seq] AHB_BURST_INCR4 AHB_SIZE_8B beat 1 @0x0000f5d6 ok
# UVM_INFO ../src/mst_seq/ahb_base_seq.sv(157) @ 8075000: uvm_test_top.env.master_agent.sqr@@seq [ahb_idle_seq] AHB_BURST_INCR4 AHB_SIZE_8B beat 2 @0x0000f5d7 ok
# UVM_INFO ../src/mst_seq/ahb_base_seq.sv(157) @ 8075000: uvm_test_top.env.master_agent.sqr@@seq [ahb_idle_seq] AHB_BURST_INCR4 AHB_SIZE_8B beat 3 @0x0000f5d8 ok
# UVM_INFO ../src/mst_seq/ahb_idle_seq.sv(144) @ 8095000: uvm_test_top.env.master_agent.sqr@@seq [ahb_idle_seq] IDLE traffic done: pairs=24 gaps=48 idle_cycles_requested=120 longest=4 beats=129 mismatch=0
# UVM_INFO ../src/mst_seq/ahb_idle_seq.sv(149) @ 8095000: uvm_test_top.env.master_agent.sqr@@seq [ahb_idle_seq]   phase 0 -> 8 pairs
# UVM_INFO ../src/mst_seq/ahb_idle_seq.sv(149) @ 8095000: uvm_test_top.env.master_agent.sqr@@seq [ahb_idle_seq]   phase 1 -> 8 pairs
# UVM_INFO ../src/mst_seq/ahb_idle_seq.sv(149) @ 8095000: uvm_test_top.env.master_agent.sqr@@seq [ahb_idle_seq]   phase 2 -> 8 pairs
# UVM_INFO ../src/test/ahb_idle_test.sv(213) @ 8095000: uvm_test_top [ahb_idle_test] Bus: 48 bursts, 199 IDLE accepted (longest run 10), 47 IDLE waited, 70 BUSY accepted, 8 address moves under a waited IDLE
# UVM_INFO verilog_src/uvm-1.1d/src/base/uvm_objection.svh(1268) @ 8095200: reporter [TEST_DONE] 'run' phase is ready to proceed to the 'extract' phase
# UVM_INFO ../src/env/ahb_coverage.sv(136) @ 8095200: uvm_test_top.env.master_cov [ahb_coverage] [master_cov] functional coverage = 78.62%
# UVM_INFO ../src/env/ahb_scoreboard.sv(208) @ 8095200: uvm_test_top.env.scb [ahb_scoreboard] Passthrough : compared=48 matched=48 mismatched=0
# UVM_INFO ../src/env/ahb_scoreboard.sv(212) @ 8095200: uvm_test_top.env.scb [ahb_scoreboard] Ref-memory  : wr_bytes=222 rd_checked=222 rd_uninit=0 rd_mismatch=0
# UVM_INFO ../src/env/ahb_coverage.sv(136) @ 8095200: uvm_test_top.env.slave_cov [ahb_coverage] [slave_cov] functional coverage = 78.62%
# UVM_INFO ../src/test/ahb_base_test.sv(74) @ 8095200: uvm_test_top [ahb_idle_test] 
# === TEST PASSED ===
# 
# 
# --- UVM Report Summary ---
# 
# ** Report counts by severity
# UVM_INFO : 1343
# UVM_WARNING :    0
# UVM_ERROR :    0
# UVM_FATAL :    0
# ** Report counts by id
# [Questa UVM]     3
# [RNTST]     1
# [TB_TOP]     3
# [TEST_DONE]     1
# [UVMTOP]     1
# [ahb_coverage]    98
# [ahb_idle_seq]   158
# [ahb_idle_test]     2
# [ahb_master_agent]     1
# [ahb_master_driver]   404
# [ahb_master_monitor]   307
# [ahb_scoreboard]    50
# [ahb_slave_agent]     1
# [ahb_slave_driver]   259
# [ahb_slave_monitor]    49
# [ahb_vip_env]     5
# ** Note: $finish    : /cadtools/mentor/Questa_10.6b/questasim/linux_x86_64/../verilog_src/uvm-1.1d/src/base/uvm_root.svh(430)
#    Time: 8095200 ps  Iteration: 53  Instance: /tb_top
# Saving coverage database on exit...
# End time: 11:25:46 on Aug 05,2026, Elapsed time: 0:00:01
# Errors: 0, Warnings: 0
